64,AAAS,89S,S ALP CCI,Prereq: First year First year with exception or Transfer students only,TuTh 11:45AM - 1:00PM,Fall 2017
64,AAAS,89S,S ALP CCI,Prereq: First year First year with exception or Transfer students only,TuTh 11:45AM - 1:00PM,Spring 2018
64,AAAS,89S,S ALP CCI,Prereq: First year First year with exception or Transfer students only,TuTh 11:45AM - 1:00PM,Fall 2018
81,AAAS,102,CCI CZ SS,None,MW 3:05PM - 4:20PM,Fall 2017
81,AAAS,102,CCI CZ SS,None,Tu 6:15PM - 8:45PM,Spring 2018
81,AAAS,102,CCI CZ SS,None,Tu 10:05AM - 12:35PM,Fall 2018
81,AAAS,102,CCI CZ SS,None,TuTh 10:05AM - 11:20AM,Spring 2019
82,AAAS,103,ALP CCI CZ,None,TuTh 1:25PM - 2:40PM,Fall 2017
82,AAAS,103,ALP CCI CZ,None,MW 10:05AM - 11:20AM,Spring 2018
82,AAAS,103,ALP CCI CZ,None,MW 11:45AM - 1:00PM,Fall 2018
82,AAAS,103,ALP CCI CZ,None,MW 11:45AM - 1:00PM,Spring 2019
22918,AAAS,104,ALP CCI SS,None,TBA,Fall 2017
22918,AAAS,104,ALP CCI SS,None,TuTh 10:05AM - 11:20AM,Spring 2018
22918,AAAS,104,ALP CCI SS,None,TuTh 11:45AM - 1:00PM,Fall 2018
19142,AAAS,104S,S ALP CCI SS,None,TuTh 3:05PM - 4:20PM,Fall 2017
1004,AEROSCI,99L,,None,Th 3:05PM - 5:05PM,Fall 2017
1004,AEROSCI,99L,,None,Th 3:05PM - 5:05PM,Spring 2018
1004,AEROSCI,99L,,None,Th 3:05PM - 5:05PM,Fall 2018
1004,AEROSCI,99L,,None,Th 3:05PM - 5:05PM,Spring 2019
18277,AEROSCI,101,,None,Th 1:40PM - 2:40PM,Fall 2017
18277,AEROSCI,101,,None,Th 1:40PM - 2:40PM,Spring 2018
18276,AEROSCI,102,,None,Th 1:40PM - 2:40PM,Fall 2017
18276,AEROSCI,102,,None,Th 1:40PM - 2:40PM,Spring 2018
1006,AEROSCI,201,STS,None,Tu 8:45AM - 9:50AM,Fall 2017
1006,AEROSCI,201,STS,None,Tu 8:45AM - 9:50AM,Spring 2018
18275,AEROSCI,202,STS,None,Tu 8:45AM - 9:50AM,Fall 2017
18275,AEROSCI,202,STS,None,Tu 8:45AM - 9:50AM,Spring 2018
18029,AMI,89S,S ALP CCI,Prereq: First year First year with exception or Transfer students only,WF 3:05PM - 4:20PM,Fall 2017
18029,AMI,89S,S ALP CCI,Prereq: First year First year with exception or Transfer students only,TuTh 3:05PM - 4:20PM,Spring 2018
19765,AMI,101,ALP,None,M 4:40PM - 7:40PM,Fall 2017
19765,AMI,101,ALP,None,M 3:05PM - 6:30PM,Spring 2018
19765,AMI,101,ALP,None,M 10:05AM - 1:05PM,Fall 2018
24999,AMI,135,ALP,None,Tu 1:40PM - 4:10PM,Fall 2017
24426,AMI,141S,S ALP CCI CZ,None,W 10:05AM - 12:35PM,Fall 2017
18477,AMXTIAN,790,,None,M 5:30PM - 8:00PM,Fall 2017
210,AMXTIAN,800,S,None,Th 8:30AM - 11:00AM,Fall 2017
210,AMXTIAN,800,S,None,W 8:30AM - 11:00AM,Spring 2018
20527,AMXTIAN,801,S,None,M 5:30PM - 8:00PM,Fall 2017
513,ARABIC,204,CZ FL,None,MW 8:30AM - 9:45AM,Fall 2017
513,ARABIC,204,CZ FL,None,MW 8:30AM - 9:45AM,Spring 2018
529,ARTHIST,89S,S CZ,Prereq: First year First year with exception or Transfer students only,TuTh 1:25PM - 2:40PM,Fall 2017
529,ARTHIST,89S,S ALP CCI CZ,Prereq: First year First year with exception or Transfer students only,MW 8:30AM - 9:45AM,Spring 2018
529,ARTHIST,89S,S,Prereq: First year First year with exception or Transfer students only,W 11:45AM - 2:15PM,Fall 2018
24774,ARTS&SCI,89S,S ALP EI SS W,None,TuTh 1:25PM - 2:40PM,Fall 2017
964,ARTSVIS,89S,S ALP,Reserved for First Year Students Only (FYXX),W 10:05AM - 12:35PM,Fall 2017
964,ARTSVIS,89S,S,Reserved for First Year Students Only (FYXX),Tu 10:05AM - 12:35PM,Spring 2018
19765,ARTSVIS,102,ALP,None,M 4:40PM - 7:40PM,Fall 2017
19765,ARTSVIS,102,ALP,None,M 3:05PM - 6:30PM,Spring 2018
19765,ARTSVIS,102,ALP,None,M 10:05AM - 1:05PM,Fall 2018
13815,ARTSVIS,115S,S ALP,None,WF 10:05AM - 12:35PM,Fall 2017
13815,ARTSVIS,115S,S ALP,None,M 10:20AM - 11:10AM,Spring 2018
13815,ARTSVIS,115S,S ALP,None,M 10:05AM - 11:20AM,Fall 2018
13815,ARTSVIS,115S,S ALP,None,W 10:20AM - 11:10AM,Spring 2019
1282,BA,910,,None,W 1:30PM - 5:30PM,Fall 2017
19643,BA,911,,None,W 1:25PM - 4:00PM,Fall 2017
19640,BA,912,,None,Tu 8:45AM - 11:00AM,Fall 2017
1424,BCS,760,,None,M 4:00PM - 6:30PM,Fall 2017
1424,BCS,760,,None,M 4:00PM - 6:30PM,Spring 2018
1399,BIOCHEM,301,,None,MWF 10:05AM - 11:20AM,Fall 2017
1399,BIOCHEM,301,,None,MWF 10:05AM - 11:20AM,Spring 2018
23676,BIOETHIC,502S,S STS,None,MW 1:25PM - 2:40PM,Fall 2017
23922,BIOETHIC,510S,S STS W,None,TuTh 10:05AM - 11:20AM,Fall 2017
23922,BIOETHIC,510S,S STS W,None,TuTh 3:05PM - 4:20PM,Spring 2018
24349,BIOETHIC,591,R STS,None,TBA,Fall 2017
24349,BIOETHIC,591,R STS,None,TBA,Spring 2018
24349,BIOETHIC,591,R STS,None,TBA,Fall 2018
24349,BIOETHIC,591,R STS,None,TBA,Spring 2019
1461,BIOLOGY,89S,S NS,Prereq: First year First year with exception or Transfer students only,TuTh 3:05PM - 4:20PM,Fall 2017
1461,BIOLOGY,89S,S NS STS,Prereq: First year First year with exception or Transfer students only,MW 11:45AM - 1:00PM,Spring 2018
1461,BIOLOGY,89S,S NS,Prereq: First year First year with exception or Transfer students only,TuTh 3:05PM - 5:05PM,Fall 2018
1461,BIOLOGY,89S,S NS,Prereq: First year First year with exception or Transfer students only,TuTh 3:05PM - 5:05PM,Spring 2019
24138,BIOLOGY,128FS,S NS STS,None,W 3:05PM - 5:35PM,Fall 2017
22675,BME,195FS,STS,None,TuTh 10:05AM - 11:20AM,Fall 2017
22675,BME,195FS,STS,None,TuTh 10:05AM - 11:20AM,Spring 2018
24914,BRAINSOC,395,,None,TBA,Fall 2017
24914,BRAINSOC,395,R,None,TBA,Spring 2018
24914,BRAINSOC,395,R,None,TBA,Fall 2018
24915,BRAINSOC,395-1,,None,TBA,Fall 2017
24915,BRAINSOC,395-1,,None,TBA,Spring 2018
24915,BRAINSOC,395-1,,None,TBA,Fall 2018
25029,BRAINSOC,396,R,Prerequisite: Brain & Society 395,TBA,Fall 2017
25029,BRAINSOC,396,R,Prerequisite: Brain & Society 395,TBA,Spring 2018
25105,BRAINSOC,396-1,,None,MW 12:00AM - 12:00AM,Fall 2017
25105,BRAINSOC,396-1,,None,TBA,Spring 2018
14567,CBB,510S,S,None,M 11:45AM - 12:30PM,Fall 2017
14567,CBB,510S,S,None,M 11:45AM - 12:45PM,Spring 2018
14567,CBB,510S,S,None,M 11:45AM - 12:30PM,Fall 2018
14567,CBB,510S,S,None,M 11:45AM - 12:45PM,Spring 2019
15531,CBB,511,NS R,None,W 11:45AM - 12:45PM,Fall 2017
15531,CBB,511,NS R,None,W 11:45AM - 1:00PM,Spring 2018
15531,CBB,511,NS R,None,W 11:45AM - 12:45PM,Fall 2018
15531,CBB,511,NS R,None,W 11:45AM - 1:00PM,Spring 2019
14447,CBB,520,,None,TuTh 10:05AM - 11:20AM,Fall 2017
14447,CBB,520,,None,TuTh 10:05AM - 11:20AM,Spring 2018
15067,CBB,540,,None,Tu 11:45AM - 2:40PM,Fall 2017
15067,CBB,540,,Reserved for Computational Biology and Bioinformatics PhD students,F 8:45AM - 12:00PM,Spring 2018
16875,CEE,205,,None,TuTh 10:05AM - 11:20AM,Fall 2017
16875,CEE,205,,None,W 8:30AM - 9:45AM,Spring 2018
16875,CEE,205,,None,TuTh 10:05AM - 11:20AM,Fall 2018
16875,CEE,205,,None,W 8:30AM - 9:45AM,Spring 2019
2046,CELLBIO,493,R,None,TBA,Fall 2017
2046,CELLBIO,493,R,None,TBA,Spring 2018
2046,CELLBIO,493,R,None,TBA,Fall 2018
2046,CELLBIO,493,R,None,TBA,Spring 2019
2041,CELLBIO,503,,None,MWF 8:45AM - 9:35AM,Fall 2017
2041,CELLBIO,503,,None,TBA,Spring 2018
13594,CELLBIO,658,,None,MWF 3:20PM - 4:10PM,Fall 2017
13594,CELLBIO,658,,None,MWF 3:20PM - 4:10PM,Spring 2018
1403,CELLBIO,659,,None,MWF 3:20PM - 4:10PM,Fall 2017
1403,CELLBIO,659,,None,MWF 3:20PM - 4:10PM,Spring 2018
1406,CELLBIO,668,,None,TuTh 10:05AM - 11:20AM,Fall 2017
1406,CELLBIO,668,,None,TuTh 10:05AM - 11:20AM,Spring 2018
23957,CESC,201S,S CCI EI SS,None,W 3:05PM - 5:35PM,Fall 2017
23957,CESC,201S,S CCI EI SS,None,W 3:05PM - 5:35PM,Spring 2018
25155,CESC,391,,None,TBA,Fall 2017
25155,CESC,391,,None,TBA,Spring 2018
2313,CHEM,89S,S NS STS,Prereq: First year First year with exception or Transfer students only,MWF 10:20AM - 11:10AM,Fall 2017
2315,CHEM,91,NS STS,None,TuTh 1:25PM - 2:40PM,Fall 2017
2315,CHEM,91,NS STS,None,TuTh 1:25PM - 2:40PM,Spring 2018
19065,CHILDPOL,241,QS SS R,None,TBA,Fall 2017
17911,CHILDPOL,250S,S SS R,None,TuTh 11:45AM - 1:00PM,Fall 2017
17911,CHILDPOL,250S,S SS R,None,TuTh 1:25PM - 2:40PM,Spring 2018
17911,CHILDPOL,250S,S SS R,None,TuTh 11:45AM - 1:00PM,Fall 2018
17911,CHILDPOL,250S,S SS R,None,TuTh 1:25PM - 2:40PM,Spring 2019
18255,CHILDPOL,290,QS SS,None,TuTh 3:05PM - 4:20PM,Fall 2017
23683,CHINESE,105,FL,None,WF 11:45AM - 1:00PM,Fall 2017
21967,CHURHST,708,S,Reserved for Master of Arts in Christian Practice (MACP) Students Only,TuWThFS 9:00AM - 12:15PM,Fall 2017
21967,CHURHST,708,S,Reserved for Master of Arts in Christian Practice (MACP) Students Only,TuWThFS 9:00AM - 12:15PM,Spring 2018
18272,CHURHST,760,,None,TuThF 1:30PM - 2:20PM,Fall 2017
2523,CHURMIN,700,,None,Tu 8:30AM - 9:45AM,Fall 2017
2523,CHURMIN,700,,None,Tu 8:30AM - 9:45AM,Spring 2018
2523,CHURMIN,700,,None,Tu 8:30AM - 9:45AM,Fall 2018
2523,CHURMIN,700,,None,Tu 8:30AM - 9:45AM,Spring 2019
17806,CHURMIN,704,S,None,TBA,Fall 2017
17806,CHURMIN,704,S,None,TBA,Spring 2018
17806,CHURMIN,704,S,None,TBA,Fall 2018
17806,CHURMIN,704,S,None,TBA,Spring 2019
18808,CHURMIN,705,,None,Tu 12:20PM - 1:30PM,Fall 2017
18808,CHURMIN,705,,None,Tu 12:20PM - 1:30PM,Spring 2018
18808,CHURMIN,705,,None,TBA,Fall 2018
16850,CHURMIN,760,S,Reserved for Student Pastors Only,W 8:30AM - 11:00AM,Fall 2017
16850,CHURMIN,760,S,Reserved for First-Year Student Pastors,W 8:30AM - 11:00AM,Spring 2018
2728,CLST,89S,S CZ,Prereq: First year First year with exception or Transfer students only,TuTh 1:25PM - 2:40PM,Fall 2017
2728,CLST,89S,S ALP CCI CZ EI,Prereq: First year First year with exception or Transfer students only,W 3:05PM - 5:25PM,Spring 2018
2759,CLST,144,CCI CZ EI,None,WF 11:45AM - 1:00PM,Fall 2017
24705,CLST,151,CCI SS,None,WF 1:25PM - 2:40PM,Fall 2017
22906,CMAC,580S,S ALP STS,None,Tu 1:40PM - 4:10PM,Fall 2017
22905,CMAC,581S,S ALP STS,None,M 1:25PM - 3:55PM,Fall 2017
22905,CMAC,581S,S ALP STS,None,Th 10:05AM - 12:35PM,Spring 2018
25098,CMAC,591,,None,TBA,Fall 2017
25098,CMAC,591,,None,TBA,Spring 2018
25098,CMAC,591,,None,TBA,Fall 2018
25557,CMB,631,,Reserved for Graduate Students Open to Undergraduate Students by Instructor Permission,MWF 10:05AM - 11:20AM,Fall 2017
23893,CMB,640,,None,TuTh 2:00PM - 3:30PM,Fall 2017
23893,CMB,640,,None,TuTh 2:00PM - 3:30PM,Spring 2018
13594,CMB,658,,None,MWF 3:20PM - 4:10PM,Fall 2017
13594,CMB,658,,None,MWF 3:20PM - 4:10PM,Spring 2018
25187,CMB,710A,S,None,MWF 10:20AM - 11:40AM,Fall 2017
25188,CMB,710B,S,None,MWF 10:20AM - 11:40AM,Fall 2017
2586,COMPSCI,94,QS,None,TuTh 8:30AM - 9:45AM,Fall 2017
2586,COMPSCI,94,QS,None,TuTh 8:30AM - 9:45AM,Spring 2018
2586,COMPSCI,94,QS,None,TuTh 10:05AM - 11:20AM,Fall 2018
13180,CONTDIV,1,,None,TBA,Fall 2017
13180,CONTDIV,1,,None,TBA,Spring 2018
13180,CONTDIV,500,,None,TBA,Fall 2018
13180,CONTDIV,500,,None,TBA,Spring 2019
18963,CONTDIV,2,,None,TBA,Fall 2017
18963,CONTDIV,2,,None,TBA,Spring 2018
18963,CONTDIV,525,,None,TBA,Fall 2018
19482,CPE,75,,None,TBA,Fall 2017
19482,CPE,75,,None,TBA,Spring 2018
19482,CPE,500,,None,TBA,Fall 2018
19482,CPE,500,,None,TBA,Spring 2019
7528,CPE,100A,,None,TBA,Fall 2017
7528,CPE,100A,,None,TBA,Spring 2018
7528,CPE,510A,,None,TBA,Fall 2018
7528,CPE,510A,,None,TBA,Spring 2019
7529,CPE,100B,,None,TBA,Fall 2017
7529,CPE,100B,,None,TBA,Spring 2018
7529,CPE,510B,,None,TBA,Fall 2018
7529,CPE,510B,,None,TBA,Spring 2019
13670,CPE,100D,,None,TBA,Fall 2017
13670,CPE,100D,,None,TBA,Spring 2018
13670,CPE,510D,,None,TBA,Fall 2018
13670,CPE,510D,,None,TBA,Spring 2019
1853,CULANTH,80S,S CZ STS W,None,TBA,Fall 2017
1853,CULANTH,80S,S CCI CZ SS W,None,MW 10:05AM - 11:20AM,Spring 2018
1853,CULANTH,80S,S,None,TuTh 8:30AM - 9:45AM,Fall 2018
1853,CULANTH,80S,S CCI CZ EI SS W,None,TuTh 1:25PM - 2:40PM,Spring 2019
1854,CULANTH,89S,S CCI SS,Prereq: First year First year with exception or Transfer students only,TuTh 11:45AM - 1:00PM,Fall 2017
1854,CULANTH,89S,S CCI SS,Prereq: First year First year with exception or Transfer students only,TuTh 11:45AM - 1:00PM,Spring 2018
1860,CULANTH,101,CCI CZ SS,None,TuTh 11:45AM - 1:00PM,Fall 2017
1860,CULANTH,101,CCI CZ SS,None,TuTh 11:45AM - 1:00PM,Spring 2018
2965,DANCE,101,ALP CCI,None,MW 10:05AM - 11:20AM,Fall 2017
2974,DANCE,105S,S ALP R,None,TuTh 3:05PM - 4:20PM,Fall 2017
2974,DANCE,105S,S ALP R,None,TuTh 3:20PM - 4:35PM,Spring 2018
2945,DANCE,110,,None,TuTh 1:25PM - 2:40PM,Fall 2017
2945,DANCE,110,,None,TuTh 1:25PM - 2:40PM,Spring 2018
2945,DANCE,110,,None,TuTh 1:25PM - 2:40PM,Fall 2018
2945,DANCE,110,,None,TuTh 1:25PM - 2:40PM,Spring 2019
16389,DANCE,120,,None,MW 3:05PM - 4:20PM,Fall 2017
16389,DANCE,120,,None,MW 3:05PM - 4:20PM,Spring 2018
20953,DMNISTRY,900,S,Reserved for Doctor of Ministry Students,MTuWThF 4:30PM - 5:45PM,Fall 2017
20953,DMNISTRY,900,S,None,TuWThFS 4:45PM - 6:00PM,Spring 2018
20953,DMNISTRY,900,S,None,MTuWThF 4:45PM - 6:00PM,Fall 2018
20953,DMNISTRY,900,S,None,TuWThFS 4:45PM - 6:00PM,Spring 2019
20776,DMNISTRY,901,S,None,MTuWThF 1:15PM - 4:30PM,Fall 2017
20776,DMNISTRY,901,S,None,MTuWThF 1:15PM - 4:30PM,Spring 2018
21143,DMNISTRY,902,S,None,MTuWThF 9:00AM - 12:15PM,Fall 2017
21526,DMNISTRY,904,S,Reserved for Doctor of Ministry Students,MTuWThF 9:00AM - 12:15PM,Fall 2017
21526,DMNISTRY,904,S,None,TuWThFS 1:15PM - 4:30PM,Spring 2018
21526,DMNISTRY,904,S,None,TuWThFS 9:00AM - 12:15PM,Fall 2018
14971,DOCST,89S,S ALP,Prereq: First year First year with exception or Transfer students only,W 10:05AM - 12:35PM,Fall 2017
14971,DOCST,89S,S,Prereq: First year First year with exception or Transfer students only,Tu 10:05AM - 12:35PM,Spring 2018
14970,DOCST,101,ALP CCI,None,TuTh 10:05AM - 11:20AM,Fall 2017
14970,DOCST,101,ALP CCI,None,TuTh 10:05AM - 11:20AM,Spring 2018
14970,DOCST,101,ALP CCI,None,TuTh 10:05AM - 11:20AM,Fall 2018
14970,DOCST,101,ALP CCI,None,TuTh 10:05AM - 11:20AM,Spring 2019
8062,DOCST,105S,S ALP SS R,None,W 10:05AM - 12:35PM,Fall 2017
8062,DOCST,105S,S ALP SS R,None,W 10:05AM - 12:35PM,Spring 2018
8062,DOCST,105S,S ALP SS R,None,W 10:05AM - 12:35PM,Fall 2018
8062,DOCST,105S,S ALP SS R,None,W 10:05AM - 12:35PM,Spring 2019
18102,DOCST,107,ALP CCI,None,M 4:40PM - 7:40PM,Fall 2017
18102,DOCST,107,ALP CCI,None,M 4:40PM - 7:40PM,Spring 2018
17124,ECE,110L,,Prerequisite: ENGINEERING 103L and MATH 112L as either a pre- or corequisite.,WF 11:45AM - 1:00PM,Fall 2017
17124,ECE,110L,,Prerequisite: ENGINEERING 103L and MATH 112L as either a pre- or corequisite.,TuTh 10:05AM - 11:20AM,Spring 2018
17124,ECE,110L,,Prerequisite: ENGINEERING 103L and MATH 112L as either a pre- or corequisite.,TuTh 11:45AM - 1:00PM,Fall 2018
17124,ECE,110L,,Prerequisite: Engineering 103L and Mathematics 112L or equivalent (or concurrent enrollment in either course),TuTh 10:05AM - 11:20AM,Spring 2019
17428,ECE,230L,,Prerequisite: Engineering 103L and Physics 152L and either Electrical and Computer Engineering 110L or Biomedical Engineering 253L,WF 3:05PM - 4:20PM,Fall 2017
3511,EDUC,89S,S EI SS STS,Prereq: First year First year with exception or Transfer students only,WF 11:45AM - 1:00PM,Fall 2017
3511,EDUC,89S,S CCI EI SS,Prereq: First year First year with exception or Transfer students only,Tu 10:05AM - 12:35PM,Spring 2018
3513,EDUC,101,CCI EI SS,None,TuTh 10:05AM - 11:20AM,Fall 2017
3513,EDUC,101,CCI EI SS,None,TuTh 10:05AM - 11:20AM,Spring 2018
3513,EDUC,101,CCI EI SS,None,TuTh 10:05AM - 11:20AM,Fall 2018
3513,EDUC,101,CCI EI SS,None,TuTh 10:05AM - 11:20AM,Spring 2019
24432,EDUC,101S,S CCI EI SS,None,F 10:05AM - 12:35PM,Fall 2017
24432,EDUC,101S,S CCI EI SS,None,TuTh 11:45AM - 1:00PM,Spring 2018
24432,EDUC,101S,S CCI EI SS,None,F 10:05AM - 12:35PM,Fall 2018
24432,EDUC,101S,S CCI EI SS,None,TuTh 11:45AM - 1:00PM,Spring 2019
20823,EDUC,111FS,S CCI EI SS,None,TuTh 11:45AM - 1:45PM,Fall 2017
20823,EDUC,111FS,S CCI EI SS,None,TuTh 11:45AM - 1:45PM,Spring 2018
23540,EDUC,112FS,S ALP CCI EI,None,MW 11:45AM - 1:00PM,Fall 2017
23540,EDUC,112FS,S ALP CCI EI,None,MW 10:05AM - 11:20AM,Spring 2018
3752,EGR,89S,S,Prereq: First year First year with exception or Transfer students only,TBA,Fall 2017
20350,EGR,95FS,S NS SS STS,None,MW 1:25PM - 2:40PM,Fall 2017
16881,EGRMGMT,501,S,None,F 3:05PM - 4:20PM,Fall 2017
16881,EGRMGMT,501,S,Reserved for Master of Engineering Management Students,F 3:05PM - 4:20PM,Spring 2018
16881,EGRMGMT,501,S,Reserved for Engineering Professional Students,F 3:05PM - 4:20PM,Fall 2018
16881,EGRMGMT,501,S,Reserved for Master of Engineering Management Students,F 3:05PM - 4:20PM,Spring 2019
24576,EGRMGMT,504,,None,TBA,Fall 2017
24576,EGRMGMT,504,,Reserved for Master of Engineering Management Distant Learning Students,TBA,Spring 2018
24578,EGRMGMT,506,,Reserved for Master of Engineering Management Distant Learning Students,TBA,Fall 2017
3740,EGRMGMT,510,,None,Tu 8:30AM - 11:15AM,Fall 2017
3740,EGRMGMT,510,,Reserved for Master of Engineering Management Students,Tu 8:30AM - 11:15AM,Spring 2018
24809,EHD,290S,S,None,TBA,Fall 2017
24809,EHD,290S,S SS,None,Tu 1:25PM - 2:40PM,Spring 2018
24775,ENERGY,89S,S CZ EI SS STS,None,F 10:05AM - 12:35PM,Fall 2017
24775,ENERGY,89S,S CZ EI STS,None,TuTh 1:25PM - 2:40PM,Spring 2018
25263,ENERGY,190FS,S CZ SS R STS,None,TuTh 1:25PM - 2:40PM,Fall 2017
17292,ENERGY,231,NS SS STS,None,MW 1:25PM - 2:40PM,Fall 2017
17292,ENERGY,231,NS SS STS,None,MW 1:25PM - 2:40PM,Spring 2018
3815,ENGLISH,89S,S ALP CCI CZ R,None,MW 1:25PM - 2:40PM,Fall 2017
3815,ENGLISH,89S,S ALP EI,None,M 8:30AM - 11:00AM,Spring 2018
3815,ENGLISH,89S,S CZ EI W,None,M 8:30AM - 11:00AM,Fall 2018
3815,ENGLISH,89S,S ALP CZ EI W,None,TuTh 11:45AM - 1:00PM,Spring 2019
3807,ENGLISH,90S,S ALP EI W,None,WF 8:30AM - 9:45AM,Fall 2017
3807,ENGLISH,90S,S ALP CCI W,None,WF 3:05PM - 4:20PM,Spring 2018
3807,ENGLISH,90S,S ALP W,None,WF 8:30AM - 9:45AM,Fall 2018
3807,ENGLISH,90S,S ALP EI STS W,None,WF 4:40PM - 5:55PM,Spring 2019
3824,ENGLISH,110S,S ALP W,None,Tu 1:25PM - 3:55PM,Fall 2017
3824,ENGLISH,110S,S ALP W,None,WF 11:45AM - 1:00PM,Spring 2018
3824,ENGLISH,110S,S ALP W,None,Tu 3:05PM - 5:35PM,Fall 2018
3824,ENGLISH,110S,S ALP W,None,M 3:20PM - 5:50PM,Spring 2019
4062,ENVIRON,89S,S NS STS,Prereq: First year First year with exception or Transfer students only,MW 10:05AM - 11:20AM,Fall 2017
4062,ENVIRON,89S,S NS STS,Prereq: First year First year with exception or Transfer students only,TuTh 3:05PM - 4:20PM,Spring 2018
4062,ENVIRON,89S,S NS STS,Prereq: First year First year with exception or Transfer students only,MW 11:45AM - 1:00PM,Fall 2018
4062,ENVIRON,89S,S CCI EI SS,Prereq: First year First year with exception or Transfer students only,WF 10:05AM - 11:20AM,Spring 2019
13857,ENVIRON,102,NS STS,None,MW 10:05AM - 11:20AM,Fall 2017
13857,ENVIRON,102,NS STS,None,TuTh 8:30AM - 9:45AM,Spring 2018
13857,ENVIRON,102,NS STS,None,MW 10:05AM - 11:20AM,Fall 2018
13857,ENVIRON,102,NS STS,None,TuF 11:45AM - 1:00PM,Spring 2019
23214,ENVIRON,147,CCI EI SS,None,TuTh 1:25PM - 2:40PM,Fall 2017
22215,ENVIRON,148FS,S NS R STS,None,TuTh 3:05PM - 4:20PM,Fall 2017
22215,ENVIRON,148FS,S NS R STS,None,TuTh 3:05PM - 4:20PM,Spring 2018
10977,EOS,101,NS STS,None,MW 3:05PM - 4:20PM,Fall 2017
10977,EOS,101,NS STS,None,MW 3:05PM - 4:20PM,Spring 2018
10977,EOS,101,NS STS,None,MW 3:05PM - 4:20PM,Fall 2018
10977,EOS,101,NS STS,None,MW 3:05PM - 4:20PM,Spring 2019
1465,EOS,102,NS STS,None,TuTh 3:05PM - 4:20PM,Fall 2017
1465,EOS,102,NS STS,None,TuTh 3:05PM - 4:20PM,Spring 2018
1465,EOS,102,NS STS,None,TuTh 3:05PM - 4:20PM,Fall 2018
1465,EOS,102,NS STS,None,TuTh 3:05PM - 4:20PM,Spring 2019
16036,EOS,202,NS R,None,MWF 10:20AM - 11:10AM,Fall 2017
16036,EOS,202,NS R,None,MWF 11:45AM - 12:35PM,Spring 2018
24704,ETHICS,89S,S ALP CCI EI,None,TuTh 4:40PM - 5:55PM,Fall 2017
24704,ETHICS,89S,S EI,None,WF 11:45AM - 1:00PM,Spring 2018
24704,ETHICS,89S,S,None,TuTh 1:25PM - 2:40PM,Fall 2018
24969,ETHICS,101,CZ EI,None,MW 3:05PM - 4:20PM,Fall 2017
24969,ETHICS,101,CZ EI,None,MW 10:05AM - 11:20AM,Spring 2018
24420,ETHICS,111S,S EI,None,Tu 3:05PM - 5:35PM,Fall 2017
23658,ETHICS,123,CCI CZ EI SS,None,TuTh 4:40PM - 5:55PM,Fall 2017
23658,ETHICS,123,CCI CZ EI SS,None,MW 3:05PM - 4:20PM,Spring 2018
19023,EVANTH,101,NS STS,None,TuTh 11:45AM - 1:00PM,Fall 2017
19023,EVANTH,101,NS STS,None,TuTh 3:05PM - 4:20PM,Spring 2018
19023,EVANTH,101,NS STS,None,TuTh 3:05PM - 4:20PM,Fall 2018
4278,FIELDEDU,4,,None,TBA,Fall 2017
4278,FIELDEDU,4,,None,TBA,Spring 2018
4278,FIELDEDU,500,,None,TBA,Fall 2018
4278,FIELDEDU,500,,None,TBA,Spring 2019
17515,FIELDEDU,6,,None,F 2:00PM - 5:00PM,Fall 2017
17515,FIELDEDU,6,,None,TBA,Spring 2018
17515,FIELDEDU,520,,None,TBA,Fall 2018
17515,FIELDEDU,520,,None,TBA,Spring 2019
4417,FRENCH,101,FL,None,MTuWF 8:45AM - 9:45AM,Fall 2017
4417,FRENCH,101,FL,None,MWF 8:45AM - 9:45AM,Spring 2018
4417,FRENCH,101,FL,None,MTuWF 8:45AM - 9:45AM,Fall 2018
4417,FRENCH,101,FL,None,MTuWF 8:45AM - 9:45AM,Spring 2019
4419,FRENCH,102,FL,None,MTuWF 8:45AM - 9:45AM,Fall 2017
4419,FRENCH,102,FL,None,Tu 8:45AM - 9:45AM,Spring 2018
4419,FRENCH,102,FL,None,MTuWF 8:45AM - 9:45AM,Fall 2018
4419,FRENCH,102,FL,None,MTuWF 8:45AM - 9:45AM,Spring 2019
4422,FRENCH,111,FL,None,MW 10:05AM - 11:40AM,Fall 2017
4422,FRENCH,111,FL,None,MTuWThF 10:05AM - 11:40AM,Spring 2018
23539,GENOME,120FS,S EI SS STS,None,Tu 10:20AM - 12:50PM,Fall 2017
23539,GENOME,120FS,S EI SS STS,None,TuTh 10:05AM - 11:20AM,Spring 2018
24138,GENOME,128FS,S NS STS,None,W 3:05PM - 5:35PM,Fall 2017
21550,GENOME,138FS,EI NS SS STS,None,TBA,Fall 2017
4773,GERMAN,89S,S ALP CCI CZ EI,Prereq: First year First year with exception or Transfer students only,TuTh 11:45AM - 1:00PM,Fall 2017
4773,GERMAN,89S,S CCI CZ EI,Prereq: First year First year with exception or Transfer students only,TuTh 1:25PM - 2:40PM,Spring 2018
4764,GERMAN,101,FL,None,MTuWTh 8:45AM - 9:45AM,Fall 2017
4764,GERMAN,101,FL,None,MTuWTh 8:45AM - 9:45AM,Spring 2018
4764,GERMAN,101,FL,None,MTuWTh 8:45AM - 9:45AM,Fall 2018
4764,GERMAN,101,FL,None,MTuWTh 8:45AM - 9:45AM,Spring 2019
4766,GERMAN,102,FL,None,MTuWTh 8:45AM - 9:45AM,Fall 2017
4766,GERMAN,102,FL,None,MTuWTh 8:45AM - 9:45AM,Spring 2018
4766,GERMAN,102,FL,None,MTuWTh 8:45AM - 9:45AM,Fall 2018
4766,GERMAN,102,FL,None,MTuWTh 8:45AM - 9:45AM,Spring 2019
4771,GERMAN,111,FL,None,TBA,Fall 2017
4771,GERMAN,111,FL,None,MTuWTh 3:05PM - 4:45PM,Spring 2018
23351,GLHLTH,89S,S SS,None,TuTh 3:05PM - 4:20PM,Fall 2017
24464,GLHLTH,101,CCI EI STS,None,MW 10:05AM - 11:20AM,Fall 2017
24464,GLHLTH,101,CCI EI STS,None,MW 10:05AM - 11:20AM,Spring 2018
25220,GLHLTH,140FS,S ALP EI,None,TuTh 1:25PM - 2:40PM,Fall 2017
24180,GLHLTH,142,CCI CZ STS W,None,TuTh 3:05PM - 4:20PM,Fall 2017
4925,GREEK,101,FL,None,MWF 10:20AM - 11:10AM,Fall 2017
4925,GREEK,101,FL,None,MWF 10:20AM - 11:10AM,Spring 2018
4926,GREEK,102,FL,None,MWF 10:20AM - 11:10AM,Fall 2017
4926,GREEK,102,FL,None,MWF 10:20AM - 11:10AM,Spring 2018
4932,GREEK,203,CZ FL,None,MWF 12:00PM - 12:50PM,Fall 2017
4932,GREEK,203,CZ FL,None,MWF 1:40PM - 2:30PM,Spring 2018
13076,GREEK,203A-1,FL,None,TBA,Fall 2017
13076,GREEK,203A-1,FL,None,TBA,Spring 2018
13076,GREEK,203A-1,FL,None,TBA,Fall 2018
22505,GS,705,,None,W 7:30PM - 8:45PM,Fall 2017
22505,GS,705,,None,F 7:30PM - 8:45PM,Spring 2018
22505,GS,705,,None,W 7:30PM - 8:45PM,Fall 2018
23133,GS,705K,,None,TBA,Fall 2017
23133,GS,705K,,None,TBA,Spring 2018
16219,GS,710,,None,Th 7:30PM - 8:45PM,Fall 2017
16219,GS,710,,None,Th 7:30PM - 8:45PM,Spring 2018
16220,GS,710A,,None,TBA,Fall 2017
16220,GS,710A,,None,TBA,Spring 2018
16221,GS,711,,None,TuTh 3:05PM - 5:00PM,Fall 2017
16221,GS,711,,None,Tu 4:30PM - 6:30PM,Spring 2018
16221,GS,711,,None,TuTh 3:05PM - 5:00PM,Fall 2018
16221,GS,711,,None,TuTh 3:05PM - 5:00PM,Spring 2019
14770,GSF,89S,S ALP CCI CZ W,Prereq: First year First year with exception or Transfer students only,TuTh 10:05AM - 11:20AM,Fall 2017
14770,GSF,89S,S ALP CCI CZ,Prereq: First year First year with exception or Transfer students only,TuTh 1:25PM - 2:40PM,Spring 2018
14770,GSF,89S,S CCI CZ EI SS,Prereq: First year First year with exception or Transfer students only,W 3:05PM - 5:35PM,Fall 2018
14770,GSF,89S,S CCI EI SS,Prereq: First year First year with exception or Transfer students only,WF 10:05AM - 11:20AM,Spring 2019
14779,GSF,101,CCI SS,None,WF 8:30AM - 9:45AM,Fall 2017
14779,GSF,101,CCI SS,None,WF 8:30AM - 9:45AM,Spring 2018
22906,HCVIS,580S,S ALP STS,None,W 10:05AM - 12:35PM,Fall 2017
22906,HCVIS,580S,S ALP STS,None,Tu 1:40PM - 4:10PM,Spring 2018
22905,HCVIS,581S,S ALP STS,None,M 1:25PM - 3:55PM,Fall 2017
22905,HCVIS,581S,S ALP STS,None,Th 10:05AM - 12:35PM,Spring 2018
5033,HEBREW,203,ALP FL,None,MW 1:25PM - 2:40PM,Fall 2017
5033,HEBREW,203,ALP FL,None,MW 3:05PM - 4:20PM,Spring 2018
24395,HISTREL,710,S,None,Th 8:30AM - 11:00AM,Fall 2017
19135,HISTREL,760,S,None,W 2:30PM - 5:00PM,Fall 2017
5577,HISTTHEO,803,,None,W 8:30AM - 11:00AM,Fall 2017
5020,HOUSECS,59,,None,W 6:00PM - 7:30PM,Fall 2017
5020,HOUSECS,59,,None,W 7:00PM - 8:30PM,Spring 2018
5020,HOUSECS,59,,None,W 6:00PM - 7:30PM,Fall 2018
5020,HOUSECS,59,,None,M 6:00PM - 7:30PM,Spring 2019
5026,HUMANDEV,224,CCI EI SS R,Reserved for First-Year and Sophomore Students,MW 3:05PM - 4:20PM,Fall 2017
5026,HUMANDEV,224,CCI EI SS R,Reserved for First Year and Sophomore Students Only,MW 3:05PM - 4:20PM,Spring 2018
5026,HUMANDEV,224,CCI EI SS R,Pre-req: Sophomores only,MW 3:05PM - 4:20PM,Fall 2018
5026,HUMANDEV,224,CCI EI SS R,Pre-req: Sophomores only,MW 10:05AM - 11:20AM,Spring 2019
5027,HUMANDEV,260,CCI EI SS,None,TuTh 10:05AM - 11:20AM,Fall 2017
5027,HUMANDEV,260,CCI EI SS,None,TuTh 10:05AM - 11:20AM,Spring 2018
5030,HUMANDEV,391,,None,TBA,Fall 2017
5030,HUMANDEV,391,,None,TBA,Spring 2018
5030,HUMANDEV,391,,None,TBA,Fall 2018
5030,HUMANDEV,391,,None,TBA,Spring 2019
5028,HUMANDEV,401,R,None,TBA,Fall 2017
5028,HUMANDEV,401,R,None,TBA,Spring 2018
5028,HUMANDEV,401,R,None,TBA,Fall 2018
5028,HUMANDEV,401,R,None,TBA,Spring 2019
5029,HUMANDEV,450S,S CCI EI SS R,None,W 3:05PM - 5:25PM,Fall 2017
5029,HUMANDEV,450S,S CCI EI SS R,None,W 3:05PM - 5:25PM,Spring 2018
25052,I&E,140,ALP,None,Th 1:25PM - 3:55PM,Fall 2017
25328,I&E,171,CCI SS,None,TuTh 11:45AM - 1:00PM,Fall 2017
1860,ICS,101,CCI CZ SS,None,TuTh 11:45AM - 1:00PM,Fall 2017
1860,ICS,101,CCI CZ SS,None,TuTh 11:45AM - 1:00PM,Spring 2018
2965,ICS,102,ALP CCI,None,MW 10:05AM - 11:20AM,Fall 2017
12940,ICS,103,NS STS,None,TuTh 1:25PM - 2:40PM,Fall 2017
12940,ICS,103,NS STS,None,MW 11:45AM - 1:00PM,Spring 2018
25659,IDS,190S,S,None,W 6:15PM - 7:30PM,Fall 2017
24825,IDS,690,,None,Tu 1:40PM - 4:55PM,Fall 2017
24825,IDS,690,,None,Tu 1:40PM - 4:55PM,Spring 2018
15264,IMMUNOL,493,R,None,TBA,Fall 2017
15264,IMMUNOL,493,R,None,TBA,Spring 2018
15263,IMMUNOL,494,R,None,TBA,Fall 2017
15263,IMMUNOL,494,R,None,TBA,Spring 2018
15263,IMMUNOL,494,R,None,TBA,Fall 2018
5687,IMMUNOL,544,NS R,None,MWF 1:30PM - 2:20PM,Fall 2017
5687,IMMUNOL,544,NS R,None,MWF 1:30PM - 2:20PM,Spring 2018
21706,IMMUNOL,601,,Prerequisite: Immunology 544 or Biology 515,TuTh 10:05AM - 11:20AM,Fall 2017
21706,IMMUNOL,601,,Prerequisite: Immunology 544 or Biology 515,TuTh 10:05AM - 11:20AM,Spring 2018
23034,IMMUNOL,701D,,None,F 10:20AM - 11:30AM,Fall 2017
23034,IMMUNOL,701D,,None,Th 10:05AM - 11:20AM,Spring 2018
24400,ISS,89S,S CZ EI W,None,M 8:30AM - 11:00AM,Fall 2017
24400,ISS,89S,S ALP EI,None,M 8:30AM - 11:00AM,Spring 2018
24400,ISS,89S,S CZ EI W,None,M 8:30AM - 11:00AM,Fall 2018
22156,ISS,110,CZ STS,None,TuTh 3:05PM - 4:20PM,Fall 2017
22156,ISS,110,CZ STS,None,TuTh 11:45AM - 1:00PM,Spring 2018
19765,ISS,111,ALP,None,M 4:40PM - 7:40PM,Fall 2017
19765,ISS,111,ALP,None,M 3:05PM - 6:30PM,Spring 2018
19765,ISS,111,ALP,None,M 10:05AM - 1:05PM,Fall 2018
24999,ISS,135,ALP,None,Tu 1:40PM - 4:10PM,Fall 2017
23501,ITALIAN,89S,S ALP CCI CZ,None,MW 10:05AM - 11:20AM,Fall 2017
5716,ITALIAN,101,FL,None,MW 8:45AM - 9:45AM,Fall 2017
5716,ITALIAN,101,FL,None,MW 8:30AM - 9:30AM,Spring 2018
5716,ITALIAN,101,FL,None,MW 8:30AM - 9:30AM,Fall 2018
5716,ITALIAN,101,FL,None,MW 8:30AM - 9:30AM,Spring 2019
5720,ITALIAN,101A,FL,None,TBA,Fall 2017
5720,ITALIAN,101A,FL,None,TBA,Spring 2018
5720,ITALIAN,101A,FL,None,TBA,Fall 2018
5718,ITALIAN,102,FL,None,TBA,Fall 2017
5718,ITALIAN,102,FL,None,MW 8:30AM - 9:30AM,Spring 2018
5718,ITALIAN,102,FL,None,MW 8:30AM - 9:30AM,Fall 2018
5718,ITALIAN,102,FL,None,MW 8:30AM - 9:30AM,Spring 2019
20824,JEWISHST,89S,S ALP CCI CZ R,Prereq: First year First year with exception or Transfer students only,MW 1:25PM - 2:40PM,Fall 2017
20824,JEWISHST,89S,S CCI SS,Prereq: First year First year with exception or Transfer students only,TuTh 11:45AM - 1:00PM,Spring 2018
20824,JEWISHST,89S,S CCI SS,Prereq: First year First year with exception or Transfer students only,TuTh 11:45AM - 1:00PM,Fall 2018
5796,JPN,204,CZ FL,None,MWF 1:40PM - 2:55PM,Fall 2017
5796,JPN,204,CZ FL,None,MW 11:45AM - 1:00PM,Spring 2018
5800,JPN,305,ALP CCI FL,None,MWF 11:45AM - 1:00PM,Fall 2017
5800,JPN,305,ALP CCI FL,None,MWF 11:45AM - 1:00PM,Spring 2018
5826,KOREAN,305,ALP CCI FL,None,W 6:30PM - 7:45PM,Fall 2017
5826,KOREAN,305,ALP CCI FL,None,TuTh 1:25PM - 2:40PM,Spring 2018
23299,LATAMER,89S,S ALP CCI,None,WF 3:05PM - 4:20PM,Fall 2017
23299,LATAMER,89S,S ALP CCI,None,TuTh 3:05PM - 4:20PM,Spring 2018
5237,LATAMER,230,CCI CZ,None,WF 3:05PM - 4:20PM,Fall 2017
5237,LATAMER,230,CCI CZ,None,MW 1:25PM - 2:40PM,Spring 2018
23953,LATAMER,246S,S CCI CZ W,None,MW 1:25PM - 2:40PM,Fall 2017
21369,LATAMER,320S,S ALP CCI CZ EI STS,None,MW 11:45AM - 1:00PM,Fall 2017
21369,LATAMER,320S,S ALP CCI CZ EI STS,None,MW 11:45AM - 1:00PM,Spring 2018
21369,LATAMER,320S,S ALP CCI CZ EI STS,None,WF 11:45AM - 1:00PM,Fall 2018
21369,LATAMER,320S,S ALP CCI CZ EI STS,None,WF 11:45AM - 1:00PM,Spring 2019
5832,LATIN,101,FL,None,MWF 3:20PM - 4:10PM,Fall 2017
5832,LATIN,101,FL,None,MWF 8:45AM - 9:35AM,Spring 2018
5833,LATIN,102,FL,None,MWF 10:20AM - 11:10AM,Fall 2017
5833,LATIN,102,FL,None,MWF 8:45AM - 9:35AM,Spring 2018
5836,LATIN,203,CZ FL,None,MWF 3:20PM - 4:10PM,Fall 2017
5836,LATIN,203,CZ FL,None,MWF 3:20PM - 4:10PM,Spring 2018
5836,LATIN,203,CZ FL,None,MWF 1:40PM - 2:30PM,Fall 2018
13103,LATIN,203A-1,FL,None,TBA,Fall 2017
13103,LATIN,203A-1,FL,None,TBA,Spring 2018
13103,LATIN,203A-1,FL,None,TBA,Fall 2018
22409,LAW,101,,None,Tu 10:55AM - 12:20PM,Fall 2017
22409,LAW,101,,None,Tu 10:55AM - 12:20PM,Spring 2018
5901,LAW,110,,None,MWTh 2:00PM - 3:25PM,Fall 2017
5901,LAW,110,,None,MWTh 10:55AM - 12:20PM,Spring 2018
5902,LAW,120,,None,MTuTh 8:50AM - 10:20AM,Fall 2017
5902,LAW,120,,None,Tu 8:55AM - 10:20AM,Spring 2018
5903,LAW,130,,None,MWTh 3:35PM - 5:00PM,Fall 2017
5903,LAW,130,,None,MWTh 2:00PM - 3:25PM,Spring 2018
5904,LAW,140,,None,MTuWTh 3:35PM - 4:35PM,Fall 2017
5904,LAW,140,,None,MWTh 10:55AM - 12:20PM,Spring 2018
21412,LINGUIST,114FS,S ALP CZ,None,TuTh 3:05PM - 4:20PM,Fall 2017
1876,LINGUIST,170,CCI SS,None,TuTh 10:05AM - 11:20AM,Fall 2017
6298,LIT,89S,S ALP CCI,Prereq: First year First year with exception or Transfer students only,TuTh 11:45AM - 1:00PM,Fall 2017
6298,LIT,89S,S ALP CCI CZ,Prereq: First year First year with exception or Transfer students only,MW 10:05AM - 11:20AM,Spring 2018
6298,LIT,89S,S CCI EI SS,Prereq: First year First year with exception or Transfer students only,MW 10:05AM - 11:20AM,Fall 2018
6298,LIT,89S,S ALP CCI,Prereq: First year First year with exception or Transfer students only,TuTh 11:45AM - 1:00PM,Spring 2019
81,LIT,102,CCI CZ SS,None,MW 3:05PM - 4:20PM,Fall 2017
81,LIT,102,CCI CZ SS,None,Tu 6:15PM - 8:45PM,Spring 2018
81,LIT,102,CCI CZ SS,None,Tu 10:05AM - 12:35PM,Fall 2018
81,LIT,102,CCI CZ SS,None,TuTh 10:05AM - 11:20AM,Spring 2019
3845,LIT,110,ALP,None,Tu 3:05PM - 7:00PM,Fall 2017
3845,LIT,110,ALP,None,Tu 3:05PM - 6:05PM,Spring 2018
3845,LIT,110,ALP,None,Tu 4:40PM - 7:40PM,Fall 2018
19765,LIT,111,ALP,None,M 4:40PM - 7:40PM,Fall 2017
19765,LIT,111,ALP,None,M 3:05PM - 6:30PM,Spring 2018
19765,LIT,111,ALP,None,M 10:05AM - 1:05PM,Fall 2018
22805,LSGS,89S,S CCI CZ W,None,MW 1:25PM - 2:40PM,Fall 2017
22805,LSGS,89S,S,None,MW 1:25PM - 2:40PM,Spring 2018
22918,LSGS,201,ALP CCI SS,None,TBA,Fall 2017
22918,LSGS,201,ALP CCI SS,None,TuTh 10:05AM - 11:20AM,Spring 2018
22918,LSGS,201,ALP CCI SS,None,TuTh 11:45AM - 1:00PM,Fall 2018
19142,LSGS,201S,S ALP CCI SS,None,TuTh 3:05PM - 4:20PM,Fall 2017
21534,LSGS,290,CCI SS,None,TuTh 10:05AM - 11:20AM,Fall 2017
6495,MAT,741S,S,None,MTuWThF 8:45AM - 12:00PM,Fall 2017
6495,MAT,741,,None,TBA,Spring 2018
6496,MAT,742,,None,TBA,Fall 2017
6496,MAT,742,,None,TBA,Spring 2018
17526,MAT,743S,S,None,M 6:00PM - 8:00PM,Fall 2017
17526,MAT,743S,S,Rsvd Master of Teaching students only,W 6:00PM - 8:00PM,Spring 2018
25707,MATH,75,,None,W 4:40PM - 6:15PM,Fall 2017
6875,MATH,89S,S STS,Prereq: First year First year with exception or Transfer students only,TuTh 10:05AM - 11:20AM,Fall 2017
6875,MATH,89S,S NS QS R W,Prereq: First year First year with exception or Transfer students only,MW 10:05AM - 11:20AM,Spring 2018
6875,MATH,89S,S QS STS,Prereq: First year First year with exception or Transfer students only,TuTh 10:05AM - 11:20AM,Fall 2018
6875,MATH,89S,S NS QS R,Prereq: First year First year with exception or Transfer students only,MW 4:40PM - 5:55PM,Spring 2019
16958,MEDPHY,500,,None,MW 10:05AM - 11:20AM,Fall 2017
16958,MEDPHY,500,,None,MW 10:05AM - 11:20AM,Spring 2018
23130,MEDPHY,500K,,None,MW 1:45PM - 3:00PM,Fall 2017
23130,MEDPHY,500K,,None,MW 2:00PM - 3:15PM,Spring 2018
16955,MEDPHY,505,,None,MW 8:30AM - 9:45AM,Fall 2017
16955,MEDPHY,505,,None,MW 8:30AM - 9:45AM,Spring 2018
23123,MEDPHY,505K,,None,MTh 9:30AM - 10:45AM,Fall 2017
23123,MEDPHY,505K,,None,MTh 9:30AM - 10:45AM,Spring 2018
22942,MEDPHY,507,,None,Tu 1:25PM - 2:25PM,Fall 2017
22942,MEDPHY,507,,None,TBA,Spring 2018
22942,MEDPHY,507,,None,TuTh 11:45AM - 12:45PM,Fall 2018
6609,MEDREN,89S,S ALP CCI CZ,Prereq: First year First year with exception or Transfer students only,MW 10:05AM - 11:20AM,Fall 2017
6609,MEDREN,89S,S ALP CCI CZ,Prereq: First year First year with exception or Transfer students only,MW 8:30AM - 9:45AM,Spring 2018
20130,MEDREN,105,CCI CZ SS,None,WF 1:25PM - 2:40PM,Fall 2017
20130,MEDREN,105,CCI CZ SS,None,WF 11:45AM - 1:00PM,Spring 2018
19374,MEDREN,125,CCI CZ SS STS,None,MW 3:05PM - 4:20PM,Fall 2017
19374,MEDREN,125,CCI CZ SS STS,None,MW 10:05AM - 11:20AM,Spring 2018
3743,MENG,540,,Reserved for Master of Engineering Students,W 8:30AM - 11:15AM,Fall 2017
3743,MENG,540,,Reserved for Master of Engineering Students,W 11:45AM - 2:30PM,Spring 2018
3743,MENG,540,,Reserved for Master of Engineering Students,W 8:30AM - 11:15AM,Fall 2018
3743,MENG,540,,Reserved for Master of Engineering Students,W 11:45AM - 2:30PM,Spring 2019
20324,MENG,550,,None,TBA,Fall 2017
20324,MENG,550,,None,TBA,Spring 2018
20324,MENG,550,,None,TBA,Fall 2018
20324,MENG,550,,Reserved for Master of Engineering Students,TBA,Spring 2019
20357,MENG,551,,None,TBA,Fall 2017
20357,MENG,551,,None,TBA,Spring 2018
20357,MENG,551,,None,TBA,Fall 2018
20357,MENG,551,,None,TBA,Spring 2019
20325,MENG,570,,Reserved for Master of Engineering Students,M 6:15PM - 9:00PM,Fall 2017
20325,MENG,570,,Reserved for Master of Engineering Students,M 6:15PM - 9:00PM,Spring 2018
20325,MENG,570,,Reserved for Master of Engineering Students,M 6:15PM - 9:00PM,Fall 2018
20325,MENG,570,,Reserved for Master of Engineering Students,MW 6:15PM - 7:30PM,Spring 2019
22329,MFAEDA,703,S,None,Th 8:45AM - 11:30AM,Fall 2017
22329,MFAEDA,703,S,None,Th 8:45AM - 11:30AM,Spring 2018
20819,MFAEDA,711,,None,Tu 10:05AM - 2:05PM,Fall 2017
20819,MFAEDA,711,,None,Tu 10:05AM - 2:05PM,Spring 2018
20820,MFAEDA,712,,None,Tu 6:15PM - 9:45PM,Fall 2017
20820,MFAEDA,712,,None,Tu 6:15PM - 9:45PM,Spring 2018
20818,MFAEDA,713,,None,M 3:05PM - 5:35PM,Fall 2017
20818,MFAEDA,713,,None,M 3:05PM - 5:35PM,Spring 2018
22177,MFAEDA,720,,None,W 1:40PM - 5:00PM,Fall 2017
22177,MFAEDA,720,,None,W 1:40PM - 5:00PM,Spring 2018
23433,MGM,222FS,S NS,Prerequisite GENOME 222FS: AP Biology credit,WF 11:45AM - 1:00PM,Fall 2017
21852,MGM,293,R,None,TBA,Fall 2017
21852,MGM,293,R,None,TBA,Spring 2018
21852,MGM,293,R,None,TBA,Fall 2018
21852,MGM,293,R,None,TBA,Spring 2019
23350,MGM,294,R,None,TBA,Fall 2017
23350,MGM,294,R,None,TBA,Spring 2018
25322,MGM,325,NS STS,Prerequisite: Biology 201L,TuTh 11:45AM - 1:00PM,Fall 2017
6839,MILITSCI,91L,,None,Th 3:05PM - 5:05PM,Fall 2017
6839,MILITSCI,91L,,None,TBA,Spring 2018
6839,MILITSCI,91L,,None,Th 3:05PM - 5:30PM,Fall 2018
6840,MILITSCI,92L,,None,Th 3:05PM - 5:30PM,Fall 2017
6840,MILITSCI,92L,,None,Th 3:05PM - 5:30PM,Spring 2018
23232,MILITSCI,93L,,None,TuTh 3:05PM - 5:05PM,Fall 2017
23232,MILITSCI,93L,,None,TuTh 3:05PM - 5:30PM,Spring 2018
23520,MILITSCI,94,,None,TuWTh 6:00AM - 7:00AM,Fall 2017
23520,MILITSCI,94,,None,TBA,Spring 2018
23520,MILITSCI,94,,None,TBA,Fall 2018
23520,MILITSCI,94,,None,TBA,Spring 2019
23651,MILITSCI,94L,,None,TuTh 3:05PM - 5:30PM,Fall 2017
23651,MILITSCI,94L,,None,TuTh 3:05PM - 5:30PM,Spring 2018
20344,MMS,190FS,S,None,TBA,Fall 2017
23679,MMS,195FS,S EI SS W,None,TuTh 10:05AM - 11:20AM,Fall 2017
23679,MMS,195FS,S EI SS W,None,TuTh 10:05AM - 11:20AM,Spring 2018
6792,MMS,210,SS STS,None,W 6:15PM - 8:45PM,Fall 2017
6792,MMS,210,SS STS,None,M 6:15PM - 8:45PM,Spring 2018
6792,MMS,210,SS STS,None,W 6:15PM - 8:45PM,Fall 2018
6792,MMS,210,SS STS,None,M 6:30PM - 9:00PM,Spring 2019
6793,MMS,220,SS STS,None,Tu 1:25PM - 3:55PM,Fall 2017
6793,MMS,220,SS STS,None,Tu 1:25PM - 3:55PM,Spring 2018
7796,MOLCAN,533,,None,MWF 3:20PM - 4:40PM,Fall 2017
7796,MOLCAN,533,,None,MWF 3:20PM - 4:40PM,Spring 2018
24262,MOLCAN,710,,None,MWF 8:45AM - 9:35AM,Fall 2017
15228,MOLCAN,730,,None,TuTh 10:05AM - 11:20AM,Fall 2017
15228,MOLCAN,730,,None,TuTh 10:05AM - 11:20AM,Spring 2018
7019,MUSIC,89S,S ALP,Prereq: First year First year with exception or Transfer students only,MW 4:40PM - 5:55PM,Fall 2017
7019,MUSIC,89S,S ALP,Prereq: First year First year with exception or Transfer students only,MW 4:40PM - 5:55PM,Spring 2018
7019,MUSIC,89S,S ALP,Prereq: First year First year with exception or Transfer students only,MW 4:40PM - 5:55PM,Fall 2018
7019,MUSIC,89S,S ALP CCI,Prereq: First year First year with exception or Transfer students only,MW 4:40PM - 5:55PM,Spring 2019
12977,MUSIC,101-1,,None,M 11:45AM - 1:00PM,Fall 2017
12977,MUSIC,101-1,,None,M 11:45AM - 1:00PM,Spring 2018
12977,MUSIC,101-1,,None,M 11:45AM - 1:00PM,Fall 2018
12977,MUSIC,101-1,,None,M 11:45AM - 1:00PM,Spring 2019
12978,MUSIC,101-2,,None,M 10:05AM - 11:20AM,Fall 2017
12978,MUSIC,101-2,,None,M 10:05AM - 11:20AM,Spring 2018
12978,MUSIC,101-2,,None,M 10:05AM - 11:20AM,Fall 2018
12978,MUSIC,101-2,,None,M 10:05AM - 11:20AM,Spring 2019
12979,MUSIC,101-3,,None,M 4:40PM - 5:55PM,Fall 2017
12979,MUSIC,101-3,,None,M 1:25PM - 2:40PM,Spring 2018
12979,MUSIC,101-3,,None,M 4:40PM - 5:55PM,Fall 2018
12979,MUSIC,101-3,,None,M 1:25PM - 2:40PM,Spring 2019
17498,MUSIC,101-4,,None,Th 7:30PM - 8:45PM,Fall 2017
17498,MUSIC,101-4,,None,Th 7:30PM - 8:45PM,Spring 2018
17498,MUSIC,101-4,,None,Th 7:30PM - 8:45PM,Fall 2018
17498,MUSIC,101-4,,None,Th 7:30PM - 8:45PM,Spring 2019
7253,NAVALSCI,101,,None,MW 10:05AM - 11:20AM,Fall 2017
7253,NAVALSCI,101,,None,TuTh 1:25PM - 2:40PM,Spring 2018
7258,NAVALSCI,111,CZ STS,None,MW 10:05AM - 11:20AM,Fall 2017
7258,NAVALSCI,111,CZ STS,None,Tu 6:15PM - 8:30PM,Spring 2018
19913,NAVALSCI,189L,,None,Tu 3:05PM - 5:35PM,Fall 2017
19913,NAVALSCI,189L,,None,Tu 3:05PM - 5:00PM,Spring 2018
19913,NAVALSCI,189L,,None,Tu 3:05PM - 5:35PM,Fall 2018
19913,NAVALSCI,189L,,None,Tu 3:05PM - 5:00PM,Spring 2019
7269,NAVALSCI,213S,S CZ STS,None,Tu 1:25PM - 2:40PM,Fall 2017
7274,NAVALSCI,215S,S,None,Tu 1:25PM - 2:40PM,Fall 2017
7906,NCS,513,NS QS R,None,TBA,Fall 2017
7906,NCS,513,NS QS R,None,MW 8:30AM - 9:45AM,Spring 2018
23230,NEUROBIO,355S,S NS W,None,TuTh 1:25PM - 2:40PM,Fall 2017
23230,NEUROBIO,355S,S NS W,None,TBA,Spring 2018
15262,NEUROBIO,393,R,None,TBA,Fall 2017
15262,NEUROBIO,393,R,None,TBA,Spring 2018
15262,NEUROBIO,393,R,None,TBA,Fall 2018
15262,NEUROBIO,393,R,None,TBA,Spring 2019
25557,NEUROBIO,631,,Reserved for Graduate Students Open to Undergraduate Students by Instructor Permission,MWF 10:05AM - 11:20AM,Fall 2017
24372,NEUROSCI,89S,S CZ,None,TuTh 1:25PM - 2:40PM,Fall 2017
24135,NEUROSCI,102,NS,None,WF 3:05PM - 4:20PM,Fall 2017
24135,NEUROSCI,102,NS,None,TuTh 3:05PM - 4:20PM,Spring 2018
7276,NEWTEST,701,,None,TBA,Fall 2017
7276,NEWTEST,701,,None,TBA,Spring 2018
7276,NEWTEST,701,,None,TBA,Fall 2018
7276,NEWTEST,701,,None,TBA,Spring 2019
21524,NEWTEST,707,S,Reserved for Master of Arts in Christian Practice (MACP) Students Only,TuWThFS 1:15PM - 4:30PM,Fall 2017
21524,NEWTEST,707,S,Reserved for Master of Arts in Christian Practice (MACP) Students Only,TuWThFS 1:15PM - 4:30PM,Spring 2018
22914,NURSING,392,,None,F 10:15AM - 12:30PM,Fall 2017
22914,NURSING,392,,None,F 10:15AM - 12:30PM,Spring 2018
22914,NURSING,392,,None,F 10:15AM - 12:30PM,Fall 2018
22914,NURSING,392,,None,F 10:15AM - 12:30PM,Spring 2019
22912,NURSING,393,,None,M 8:00AM - 10:15AM,Fall 2017
22912,NURSING,393,,None,M 8:00AM - 10:15AM,Spring 2018
22912,NURSING,393,,None,M 8:00AM - 10:15AM,Fall 2018
22912,NURSING,393,,None,M 8:00AM - 10:15AM,Spring 2019
7453,OLDTEST,701,,None,TBA,Fall 2017
7453,OLDTEST,701,,None,TBA,Spring 2018
7453,OLDTEST,701,,None,TBA,Fall 2018
7453,OLDTEST,701,,None,TBA,Spring 2019
21145,OLDTEST,706,S,Reserved for Master of Arts in Christian Practice (MACP) Students Only,MTuWThF 1:15PM - 4:30PM,Fall 2017
13848,OPTECH,151,,None,TBA,Fall 2017
13848,OPTECH,151,,None,TBA,Spring 2018
19923,OPTECH,153L,,None,TBA,Fall 2017
19923,OPTECH,153L,,None,TBA,Spring 2018
13851,OPTECH,154,,None,TBA,Fall 2017
13851,OPTECH,154,,None,TBA,Spring 2018
20770,PARISH,705,S,Reserved for Master of Arts in Christian Practice (MACP) Students Only,MTuWThF 9:00AM - 12:15PM,Fall 2017
23266,PARISH,709,S,None,TBA,Fall 2017
7507,PASTCARE,760,,None,M 2:30PM - 5:30PM,Fall 2017
7507,PASTCARE,760,,None,Th 8:30AM - 11:00AM,Spring 2018
15842,PASTCARE,761,,None,Th 8:30AM - 11:00AM,Fall 2017
15842,PASTCARE,761,,None,Th 8:30AM - 11:00AM,Spring 2018
18270,PASTCARE,762,,None,TBA,Fall 2017
9150,PATHOL,293,R,None,TBA,Fall 2017
9150,PATHOL,293,R,None,TBA,Spring 2018
9150,PATHOL,293,R,None,TBA,Fall 2018
9150,PATHOL,293,R,None,TBA,Spring 2019
7625,PERSIAN,101,FL,None,TuTh 3:05PM - 4:20PM,Fall 2017
7625,PERSIAN,101,FL,None,MWF 10:20AM - 11:10AM,Spring 2018
12571,PERSIAN,102,FL,None,TuTh 8:30AM - 9:45AM,Fall 2017
12571,PERSIAN,102,FL,None,MWF 10:20AM - 11:10AM,Spring 2018
7627,PERSIAN,203,FL,None,MWF 10:20AM - 11:35AM,Fall 2017
7627,PERSIAN,203,FL,None,MWF 1:40PM - 2:30PM,Spring 2018
12572,PERSIAN,204,FL,None,MWF 1:40PM - 2:30PM,Fall 2017
23288,PERSIAN,305,CCI CZ FL,None,MWF 1:25PM - 2:40PM,Fall 2017
17410,PHARM,293,R,None,TBA,Fall 2017
17410,PHARM,293,R,None,TBA,Spring 2018
17409,PHARM,294,R,None,TBA,Fall 2017
17409,PHARM,294,R,None,TBA,Spring 2018
7788,PHARM,350,NS,None,TuTh 10:05AM - 11:20AM,Fall 2017
7788,PHARM,350,NS,None,TuTh 10:05AM - 11:20AM,Spring 2018
7789,PHARM,360,NS,None,TuTh 10:05AM - 11:20AM,Fall 2017
7789,PHARM,360,NS,None,TuTh 10:05AM - 11:20AM,Spring 2018
7697,PHIL,89S,S CZ EI,Prereq: First year First year with exception or Transfer students only,MW 3:05PM - 4:20PM,Fall 2017
7697,PHIL,89S,S CZ EI,Prereq: First year First year with exception or Transfer students only,TuTh 3:05PM - 4:20PM,Spring 2018
7692,PHIL,101,CZ W,Reserved for First Year and Sophomore Students Only,TuTh 1:25PM - 2:40PM,Fall 2017
7692,PHIL,101,CZ W,Reserved for First Year and Sophomore Students Only,MW 1:25PM - 2:40PM,Spring 2018
7692,PHIL,101,CZ W,Reserved for First Year and Sophomore Students Only,TuTh 1:25PM - 2:40PM,Fall 2018
7692,PHIL,101,CZ W,Reserved for First Year and Sophomore Students Only,TuTh 1:25PM - 2:40PM,Spring 2019
7694,PHIL,103S,S CZ W,Reserved for First Year and Sophomore Students Only,TuTh 4:40PM - 5:55PM,Fall 2017
7694,PHIL,103S,S CZ W,Reserved for First Year and Sophomore Students Only,WF 10:05AM - 11:20AM,Spring 2018
7694,PHIL,103S,S CZ W,Reserved for First Year and Sophomore Students Only,TBA,Fall 2018
7694,PHIL,103S,S CZ W,Reserved for First Year and Sophomore Students Only,WF 10:05AM - 11:20AM,Spring 2019
22156,PHIL,110,CZ STS,None,TuTh 3:05PM - 4:20PM,Fall 2017
22156,PHIL,110,CZ STS,None,TuTh 11:45AM - 1:00PM,Spring 2018
7550,PHYSEDU,101,,None,MW 11:45AM - 1:00PM,Fall 2017
7550,PHYSEDU,101,,None,MW 11:45AM - 1:00PM,Spring 2018
7550,PHYSEDU,101,,None,MW 11:45AM - 1:00PM,Fall 2018
7550,PHYSEDU,101,,None,MW 11:45AM - 1:00PM,Spring 2019
18235,PHYSEDU,102,,None,TuTh 1:25PM - 2:40PM,Fall 2017
18235,PHYSEDU,102,,None,TuTh 1:25PM - 2:40PM,Spring 2018
17499,PHYSEDU,103,,None,MW 10:05AM - 11:20AM,Fall 2017
17499,PHYSEDU,103,,None,MW 10:05AM - 11:20AM,Spring 2018
7596,PHYSEDU,104,,None,MW 10:05AM - 11:20AM,Fall 2017
7596,PHYSEDU,104,,None,MW 11:45AM - 1:00PM,Spring 2018
7872,PHYSICS,89S,S NS,Prereq: First year First year with exception or Transfer students only,MW 8:30AM - 9:45AM,Fall 2017
7872,PHYSICS,89S,S NS,Prereq: First year First year with exception or Transfer students only,MW 8:30AM - 9:45AM,Spring 2018
23529,PHYSICS,133,NS,None,TuTh 8:30AM - 9:45AM,Fall 2017
23529,PHYSICS,133,NS,None,MW 8:30AM - 9:45AM,Spring 2018
7884,PHYSICS,134,NS QS,None,MF 3:05PM - 4:20PM,Fall 2017
7884,PHYSICS,134,NS QS,None,MF 3:05PM - 4:20PM,Spring 2018
16428,PJMS,135S,S ALP R,None,Tu 3:05PM - 5:35PM,Fall 2017
16428,PJMS,135S,S ALP R,None,Tu 3:05PM - 5:35PM,Spring 2018
7974,POLISH,101,FL,None,MWF 1:40PM - 2:30PM,Fall 2017
7974,POLISH,101,FL,None,MWF 10:20AM - 11:10AM,Spring 2018
7975,POLISH,102,FL,None,MWF 4:55PM - 5:45PM,Fall 2017
7975,POLISH,102,FL,None,MW 1:25PM - 2:40PM,Spring 2018
7979,POLISH,203,FL,None,MWF 3:20PM - 4:10PM,Fall 2017
7980,POLISH,204,FL,None,TBA,Fall 2017
8322,POLSCI,89S,S CZ EI W,Prereq: First year First year with exception or Transfer students only,M 8:30AM - 11:00AM,Fall 2017
8322,POLSCI,89S,S CCI,Prereq: First year First year with exception or Transfer students only,WF 11:45AM - 1:00PM,Spring 2018
8322,POLSCI,89S,S CZ EI W,Prereq: First year First year with exception or Transfer students only,M 8:30AM - 11:00AM,Fall 2018
8322,POLSCI,89S,S CCI EI SS,Prereq: First year First year with exception or Transfer students only,Tu 10:05AM - 12:35PM,Spring 2019
24656,POLSCI,90S,S ALP CCI CZ EI W,None,WF 8:30AM - 9:45AM,Fall 2017
23876,POLSCI,101,SS,None,MW 1:25PM - 2:40PM,Fall 2017
23876,POLSCI,101,SS,None,MW 11:45AM - 1:00PM,Spring 2018
19468,PORTUGUE,89S,S ALP CCI,Prereq: First year First year with exception or Transfer students only,TuTh 11:45AM - 1:00PM,Fall 2017
19468,PORTUGUE,89S,S ALP CCI,Prereq: First year First year with exception or Transfer students only,TuTh 11:45AM - 1:00PM,Spring 2018
19468,PORTUGUE,89S,S ALP CCI,Prereq: First year First year with exception or Transfer students only,TuTh 11:45AM - 1:00PM,Fall 2018
9129,PORTUGUE,101,FL,None,MW 12:00PM - 1:00PM,Fall 2017
9129,PORTUGUE,101,FL,None,MW 11:45AM - 12:45PM,Spring 2018
9131,PORTUGUE,102,FL,None,MW 11:45AM - 12:45PM,Fall 2017
9131,PORTUGUE,102,FL,None,MW 11:45AM - 12:45PM,Spring 2018
13046,PORTUGUE,112,FL,None,MW 1:25PM - 2:25PM,Fall 2017
13046,PORTUGUE,112,FL,None,MW 10:05AM - 11:05AM,Spring 2018
8766,PSY,89S,S NS SS R W,Prereq: First year First year with exception or Transfer students only,TuTh 10:05AM - 11:20AM,Fall 2017
8766,PSY,89S,S NS SS R W,Prereq: First year First year with exception or Transfer students only,WF 10:05AM - 11:20AM,Spring 2018
8766,PSY,89S,S NS SS R W,Prereq: First year First year with exception or Transfer students only,TuTh 10:05AM - 11:20AM,Fall 2018
8766,PSY,89S,S NS SS R W,Prereq: First year First year with exception or Transfer students only,WF 10:05AM - 11:20AM,Spring 2019
8769,PSY,103,SS,None,MW 1:25PM - 2:40PM,Fall 2017
8769,PSY,103,SS,None,TuTh 10:05AM - 11:20AM,Spring 2018
8048,PUBPOL,89S,S CCI CZ EI,Prereq: First year First year with exception or Transfer students only,Tu 3:05PM - 5:30PM,Fall 2017
22156,PUBPOL,110,CZ STS,None,TuTh 3:05PM - 4:20PM,Fall 2017
22156,PUBPOL,110,CZ STS,None,TuTh 11:45AM - 1:00PM,Spring 2018
15348,PUBPOL,120,,None,TBA,Fall 2017
15348,PUBPOL,120,,None,TBA,Spring 2018
15348,PUBPOL,120,,None,TBA,Fall 2018
15348,PUBPOL,120,,None,TBA,Spring 2019
25279,PUBPOL,125A,,None,TBA,Fall 2017
25279,PUBPOL,125A,,None,TBA,Spring 2018
14315,REG,100,,None,TBA,Fall 2017
14315,REG,100,,None,TBA,Spring 2018
14315,REG,100,,None,TBA,Fall 2018
14315,REG,100,,None,TBA,Spring 2019
9194,RELIGION,89S,S CCI SS,Prereq: First year First year with exception or Transfer students only,TuTh 11:45AM - 1:00PM,Fall 2017
9194,RELIGION,89S,S CZ EI,Prereq: First year First year with exception or Transfer students only,TuTh 8:30AM - 9:45AM,Spring 2018
21080,RELIGION,101,CCI CZ EI,None,MW 3:05PM - 4:20PM,Fall 2017
21080,RELIGION,101,CCI CZ EI,None,TuTh 3:05PM - 4:20PM,Spring 2018
20823,RIGHTS,111FS,S CCI EI SS,None,TuTh 11:45AM - 1:45PM,Fall 2017
23540,RIGHTS,112FS,S ALP CCI EI,None,MW 10:05AM - 11:20AM,Fall 2017
23568,RIGHTS,113FS,S EI SS,None,TuTh 3:05PM - 4:20PM,Fall 2017
23278,ROMST,89S,S ALP CCI,None,WF 3:05PM - 4:20PM,Fall 2017
23278,ROMST,89S,S ALP CCI CZ,None,MW 10:05AM - 11:20AM,Spring 2018
23278,ROMST,89S,S ALP CCI,None,TuTh 3:05PM - 4:20PM,Fall 2018
18282,ROMST,190FS,S SS R,None,TuTh 11:45AM - 1:00PM,Fall 2017
24685,ROMST,195FS,S CCI EI SS,None,TuTh 11:45AM - 1:00PM,Fall 2017
21366,ROMST,201,ALP CCI CZ R,None,TuTh 1:25PM - 2:40PM,Fall 2017
9586,RUSSIAN,89S,S ALP CCI EI,Prereq: First year First year with exception or Transfer students only,TuTh 4:40PM - 5:55PM,Fall 2017
9586,RUSSIAN,89S,S ALP CCI EI,Prereq: First year First year with exception or Transfer students only,W 3:05PM - 5:35PM,Spring 2018
9586,RUSSIAN,89S,S ALP CCI EI,Prereq: First year First year with exception or Transfer students only,TuTh 1:25PM - 2:40PM,Fall 2018
9576,RUSSIAN,101,FL,None,MWF 10:20AM - 11:10AM,Fall 2017
9576,RUSSIAN,101,FL,None,MWF 10:20AM - 11:10AM,Spring 2018
9579,RUSSIAN,102,FL,None,MWF 10:20AM - 11:10AM,Fall 2017
9579,RUSSIAN,102,FL,None,MWF 10:20AM - 11:10AM,Spring 2018
6503,SBB,546S,S,None,M 4:40PM - 5:55PM,Fall 2017
6503,SBB,546S,S,None,M 4:40PM - 5:55PM,Spring 2018
1397,SBB,622,R,None,Th 1:25PM - 3:25PM,Fall 2017
1397,SBB,622,R,None,Th 1:25PM - 3:25PM,Spring 2018
13594,SBB,658,,None,MWF 3:20PM - 4:10PM,Fall 2017
13594,SBB,658,,None,MWF 3:20PM - 4:10PM,Spring 2018
1403,SBB,659,,None,MWF 3:20PM - 4:10PM,Fall 2017
1403,SBB,659,,None,MWF 3:20PM - 4:10PM,Spring 2018
1410,SBB,681,,None,TuTh 10:05AM - 11:20AM,Fall 2017
1410,SBB,681,,None,TuTh 10:05AM - 11:20AM,Spring 2018
23540,SCISOC,112FS,S ALP CCI EI,None,MW 11:45AM - 1:00PM,Fall 2017
23540,SCISOC,112FS,S ALP CCI EI,None,MW 10:05AM - 11:20AM,Spring 2018
25220,SCISOC,140FS,S ALP EI,None,TuTh 1:25PM - 2:40PM,Fall 2017
22130,SCISOC,153FS,S SS,None,MW 10:05AM - 11:20AM,Fall 2017
22130,SCISOC,153FS,S SS,None,MW 10:05AM - 11:20AM,Spring 2018
15334,SCISOC,165,SS,None,TuTh 3:05PM - 4:20PM,Fall 2017
15334,SCISOC,165,SS,None,Th 8:30AM - 11:00AM,Spring 2018
15334,SCISOC,165,SS,None,Tu 8:30AM - 11:00AM,Fall 2018
9789,SOCIOL,89S,S SS W,Prereq: First year First year with exception or Transfer students only,W 4:40PM - 7:10PM,Fall 2017
9789,SOCIOL,89S,S CCI EI SS,Prereq: First year First year with exception or Transfer students only,MW 10:05AM - 11:20AM,Spring 2018
9789,SOCIOL,89S,S,Prereq: First year First year with exception or Transfer students only,W 6:15PM - 8:45PM,Fall 2018
9781,SOCIOL,111,CCI SS,None,W 6:15PM - 8:45PM,Fall 2017
9781,SOCIOL,111,CCI SS,None,WF 11:45AM - 1:00PM,Spring 2018
9781,SOCIOL,111,CCI SS,None,TuTh 8:30AM - 9:45AM,Fall 2018
9781,SOCIOL,111,CCI SS,None,WF 3:05PM - 4:20PM,Spring 2019
25220,SOCIOL,140FS,S ALP EI,None,TuTh 1:25PM - 2:40PM,Fall 2017
10030,SPANISH,92A,CZ,None,TBA,Fall 2017
10030,SPANISH,92A,CZ,None,TBA,Spring 2018
10020,SPANISH,101,FL,None,MWF 8:45AM - 9:45AM,Fall 2017
10020,SPANISH,101,FL,None,MWF 8:45AM - 9:45AM,Spring 2018
10020,SPANISH,101,FL,None,MWF 8:30AM - 9:30AM,Fall 2018
10020,SPANISH,101,FL,None,MWF 8:30AM - 9:30AM,Spring 2019
10022,SPANISH,102,FL,None,MWF 8:45AM - 9:45AM,Fall 2017
10022,SPANISH,102,FL,None,MWF 8:45AM - 9:45AM,Spring 2018
10022,SPANISH,102,FL,None,MWF 8:30AM - 9:30AM,Fall 2018
10022,SPANISH,102,FL,None,MWF 8:30AM - 9:30AM,Spring 2019
10025,SPANISH,111,FL,None,MW 10:05AM - 11:55AM,Fall 2017
10025,SPANISH,111,FL,None,MWF 10:05AM - 11:55AM,Spring 2018
10155,SPIRIT,760,,None,W 8:30AM - 11:00AM,Fall 2017
10155,SPIRIT,760,,None,Tu 4:00PM - 6:30PM,Spring 2018
17941,SPIRIT,790,,None,TBA,Fall 2017
18465,SXL,89S,S ALP CCI CZ,Prereq: First year First year with exception or Transfer students only,TuTh 1:25PM - 2:40PM,Fall 2017
18465,SXL,89S,S CCI CZ EI SS,Prereq: First year First year with exception or Transfer students only,W 3:05PM - 5:35PM,Spring 2018
24410,SXL,116,CCI CZ EI,None,TuTh 11:45AM - 1:00PM,Fall 2017
24410,SXL,116,CCI CZ EI,None,TuTh 11:45AM - 1:00PM,Spring 2018
22307,SXL,160S,S ALP CCI CZ R W,None,MW 3:05PM - 4:20PM,Fall 2017
3033,THEATRST,89S,S ALP,Prereq: First year First year with exception or Transfer students only,TuTh 11:45AM - 1:00PM,Fall 2017
3033,THEATRST,89S,S,Prereq: First year First year with exception or Transfer students only,TuTh 10:05AM - 11:20AM,Spring 2018
23204,THEATRST,98,ALP,None,WF 1:25PM - 2:40PM,Fall 2017
23204,THEATRST,98,ALP,None,TBA,Spring 2018
22203,THEATRST,104,ALP CCI CZ,None,W 6:15PM - 8:45PM,Fall 2017
22203,THEATRST,104,ALP CCI CZ,None,TBA,Spring 2018
20797,THEATRST,115,ALP,None,MW 11:45AM - 1:00PM,Fall 2017
20797,THEATRST,115,ALP,None,WF 10:05AM - 11:20AM,Spring 2018
20797,THEATRST,115,ALP,None,TuTh 10:05AM - 11:20AM,Fall 2018
22262,TIBETAN,101,FL,None,MWF 10:00AM - 11:20AM,Fall 2017
22262,TIBETAN,101,FL,None,MTuWTh 11:00AM - 11:50AM,Spring 2018
22534,TIBETAN,102,FL,None,MW 9:00AM - 9:50AM,Fall 2017
22534,TIBETAN,102,FL,None,MTuWTh 8:30AM - 9:20AM,Spring 2018
22965,TIBETAN,203,FL,Prerequisite: TIBETAN 102 or equivalent,MWF 12:00PM - 1:20PM,Fall 2017
22965,TIBETAN,203,FL,Prerequisite: TIBETAN 102 or equivalent,MTuWTh 12:00PM - 12:50PM,Spring 2018
23338,TIBETAN,204,CZ FL,None,TuThF 10:00AM - 11:15AM,Fall 2017
23338,TIBETAN,204,CZ FL,None,MTuWTh 10:05AM - 10:55AM,Spring 2018
24322,TIBETAN,301,FL,None,TuThF 1:00PM - 1:50PM,Fall 2017
13956,TURKISH,101,FL,None,MWF 10:20AM - 11:35AM,Fall 2017
13956,TURKISH,101,FL,None,MWF 10:20AM - 11:10AM,Spring 2018
13957,TURKISH,102,FL,None,MWF 10:20AM - 11:30AM,Fall 2017
13957,TURKISH,102,FL,None,MWF 10:20AM - 11:10AM,Spring 2018
13958,TURKISH,203,FL,None,MW 4:40PM - 6:10PM,Fall 2017
13958,TURKISH,203,FL,None,MWF 1:40PM - 2:30PM,Spring 2018
22766,TURKISH,204,FL,None,M 4:40PM - 5:55PM,Fall 2017
22766,TURKISH,204,FL,None,MWF 1:40PM - 2:30PM,Spring 2018
12638,UPE,701,,None,TuTh 10:05AM - 11:20AM,Fall 2017
12640,UPE,703S,S,None,Tu 3:20PM - 4:30PM,Fall 2017
12640,UPE,703S,S,None,Tu 3:20PM - 4:30PM,Spring 2018
12640,UPE,703S,S,None,Tu 3:20PM - 4:30PM,Fall 2018
12640,UPE,703S,S,None,Tu 3:20PM - 4:30PM,Spring 2019
15230,UPGEN,522,,None,TuTh 4:40PM - 5:55PM,Fall 2017
15230,UPGEN,522,,None,TuTh 4:40PM - 5:55PM,Spring 2018
23893,UPGEN,640,,None,TuTh 2:00PM - 3:30PM,Fall 2017
23893,UPGEN,640,,None,TuTh 2:00PM - 3:30PM,Spring 2018
13594,UPGEN,658,,None,MWF 3:20PM - 4:10PM,Fall 2017
13594,UPGEN,658,,None,MWF 3:20PM - 4:10PM,Spring 2018
20138,VMS,89S,S ALP,Prereq: First year First year with exception or Transfer students only,W 10:05AM - 12:35PM,Fall 2017
20138,VMS,89S,S ALP CCI CZ R,Prereq: First year First year with exception or Transfer students only,W 11:45AM - 2:15PM,Spring 2018
20138,VMS,89S,S ALP CCI CZ,Prereq: First year First year with exception or Transfer students only,MW 8:30AM - 9:45AM,Fall 2018
20138,VMS,89S,S,Prereq: First year First year with exception or Transfer students only,W 11:45AM - 2:15PM,Spring 2019
19765,VMS,102,ALP,None,M 4:40PM - 7:40PM,Fall 2017
19765,VMS,102,ALP,None,M 3:05PM - 6:30PM,Spring 2018
19765,VMS,102,ALP,None,M 10:05AM - 1:05PM,Fall 2018
14970,VMS,103,ALP CCI,None,TuTh 10:05AM - 11:20AM,Fall 2017
14970,VMS,103,ALP CCI,None,TuTh 10:05AM - 11:20AM,Spring 2018
14970,VMS,103,ALP CCI,None,TuTh 10:05AM - 11:20AM,Fall 2018
14970,VMS,103,ALP CCI,None,TuTh 10:05AM - 11:20AM,Spring 2019
8062,VMS,106S,S ALP SS R,None,W 10:05AM - 12:35PM,Fall 2017
8062,VMS,106S,S ALP SS R,None,W 10:05AM - 12:35PM,Spring 2018
8062,VMS,106S,S ALP SS R,None,W 10:05AM - 12:35PM,Fall 2018
8062,VMS,106S,S ALP SS R,None,W 10:05AM - 12:35PM,Spring 2019
24776,WRITING,89S,S,None,TuTh 1:25PM - 2:40PM,Fall 2017
21528,XTIANEDU,713,S,None,TuWThFS 1:15PM - 4:30PM,Fall 2017
21528,XTIANEDU,713,S,None,TuWThFS 1:15PM - 4:30PM,Spring 2018
19400,XTIANETH,760,,None,Tu 2:30PM - 5:00PM,Fall 2017
19400,XTIANETH,760,,None,M 2:30PM - 5:00PM,Spring 2018
20188,XTIANETH,761,S,None,F 8:30AM - 11:00AM,Fall 2017
20188,XTIANETH,761,S,None,F 8:30AM - 11:00AM,Spring 2018
20906,XTIANPRC,701,S,Reserved for Master of Arts in Christian Practice (MACP) Students Only,MTuWThF 5:00PM - 6:30PM,Fall 2017
20906,XTIANPRC,701,S,Reserved for Master of Arts in Christian Practice (MACP) Students Only,TuWThFS 5:00PM - 6:30PM,Spring 2018
20906,XTIANPRC,701,S,None,MTuWThF 4:45PM - 6:15PM,Fall 2018
20906,XTIANPRC,701,S,None,,Spring 2019