netid,name,major1,major2,grad_year,GPA,fav_teacher,fav_class
adw42,Aidan Workman,COMPSCI,,2021,3.94,Allen Gifford,2586
asa57,Samantha Abrams-Widdicombe,PSY,,2021,2.65,Dr Alexey Mukhin  M.D.  Ph.D.,8766
amf80,Angel Farrell,NURSING,ECON,2019,3.38,Arlene Chung  M.D.,22912
akd33,Amanda Dompas,FRENCH,,2020,2.6,Amy H Herring,4419
arc75,Aaron Crouse,NURSING,,2020,3.12,Anne Emler  M.D.,22912
aan15,Alexandra Nelson,ECON,,2022,3.16,Prof Angel Harris  Ph.D.,18235
apw10,Mia Wise,BME,,2020,2.91,Andrew James,22675
apf23,Adriana Fernandez,NEUROSCI,NURSING,2019,3.15,Amy Barto  M.D.,24372
aeg47,Andrew Gagliano,ECON,,2022,2.74,Prof Anndal Narayanan  Ph.D.,14447
ath28,Alex Heap,NEUROSCI,CEE,2022,3.27,Ashley Moskovich,24135
ard51,Anna Darwish,ECON,,2020,3.55,Dr Audey Veach,13957
all42,Anthony Lin,PUBPOL,,2021,3.53,Amanda Kumar  M.D.,8048
akh49,Abigail Hertz,EDUC,,2020,3.7,Andrea Udani  M.D.,23540
aek27,Anna Knight,ECON,ECE,2020,2.59,Ann Reed  M.D.,17124
adf24,Andrew Francis,ECON,,2020,3.31,Benjamin Alman  M.D.,4764
aia10,Arlene Arevalo,PSY,PUBPOL,2021,2.76,Arleen Song,8769
atb35,Avery Boltwood,POLSCI,SOCIOL,2020,2.54,Dr Aparna Vaikunth,8322
akd26,Anuk Dayaprema,PUBPOL,,2022,3.96,Dr Annabelle Chua  M.D.,15348
abk42,Andrew Kane,BME,,2022,2.92,Anthony Filiano  Ph.D.,22675
aje30,Alysia Eck,HISTORY,,2020,3.57,Dr Adia Ross,13180
agb44,Xan Belzley,ECON,,2020,2.77,Ashley Arnold,24776
acf35,Alexandra Fine,CHEM,NEUROSCI,2019,3.74,Dr Adam Boyette  Ph.D.,2315
ach55,Anna Hoover,PUBPOL,,2021,3.1,Dr Alan Lee  Ph.D.,25279
ajp53,Alicia Pumpian,PUBPOL,ECON,2019,2.57,Arthur Champagne III  Ph.D.,25279
atf21,Andrew Fuquay,PUBPOL,,2022,3.65,Dr Andi Senter  M.D.,25279
and27,Ashley Hawkes,POLSCI,,2022,3.25,Amelia B. Thompson  M.D.,24656
ara42,Ashley Averill,BIOLOGY,,2019,3.76,Alan Jose  Ph.D.,24138
aab79,Anika Birewar,CHEM,,2019,2.8,Amy Lark  M.D.,2313
awf11,Abigail Farley,COMPSCI,ECON,2021,3.92,Anuj Kapadia  Ph.D.,2586
ayt10,Alethea Toh,PUBPOL,NEUROSCI,2019,2.81,Dr Annabelle Chua  M.D.,15348
aem79,Anna Matthews,COMPSCI,NURSING,2022,2.58,Allison G Robertson  Ph.D.,2586
aet26,Ashlee Thomas,BME,,2021,3.19,Dr Brittany Davidson,22675
ars93,Andrew Sandler,ECON,,2019,2.59,Dr Alan Lee  Ph.D.,3845
akt24,Anand Tiwari,CEE,,2019,3.36,Amber Oberle  M.D.,16875
aib10,Antonia Behrman,THEATRST,ECE,2022,3.27,Anita Pisharody,23204
acn20,Anna Northup,VMS,PSY,2020,3.32,Dr Reggy Iranmanesh  M.D.,19765
ajj23,Andrew Jensen,BME,,2020,3.2,Ana Buck,22675
ash70,Alex Hilsenrath,CHEM,,2021,2.69,Anna R. Terry  M.D.,2313
bac16,Brian Curry,ENVIRON,,2021,3.22,Dr Reggy Iranmanesh  M.D.,13857
akk46,Arnab Kar,ECON,,2021,3.52,Dr Alexander Borun,16219
asm90,Aki Min,STA,,2022,3.82,Adriane Lentz-Smith  Ph.D.,4278
abm45,Alexandra Millay,CEE,,2022,3.44,Asheley Skinner  Ph.D.,16875
asy13,Allen Yin,NURSING,STA,2020,3.16,Ajay Patel,22912
ajp73,Ayla Pettry,ME,,2020,3.15,Alexandra Sutton Lawrence,22177
atr22,Alix Rosenberg,COMPSCI,CHEM,2019,3.9,Prof Alexander Kiselev  Ph.D.,2586
acl57,Sandy Lynn,ENVIRON,,2021,3.65,Ara Wilson  Ph.D.,13857
ajw84,Asha Williams,ME,,2021,3.59,Arthur Champagne III  Ph.D.,4417
adh61,Abbi Helfer,POLSCI,NEUROSCI,2021,3.44,Dr Andi Senter  M.D.,8322
adh66,Arlene Hudson,POLSCI,,2020,3.09,Agatha Almunir,8322
awm33,Andrew Miller,FRENCH,,2020,3.66,Ann Reed  M.D.,4417
ask44,Andrea Kim,PUBPOL,SOCIOL,2022,3.53,Amber Carr  Ph.D.,22156
ata19,Ariana Andonian,PUBPOL,BME,2019,3.21,Barbara Aldridge,15348
afm20,Abbie Mann-Wood,ECON,ECE,2019,3.25,Prof Anndal Narayanan  Ph.D.,17124
ask60,Achintya Kumar,CULANTH,,2020,2.63,Andrew Coates  Ph.D.,1853
alc91,Alex Chang,ECON,,2019,3.76,Amanda Randles,16220
adw65,Alex Wines,ENVIRON,,2022,3.14,Dr Amber Jarvis  M.D.,4062
asa58,Ansley Arnow,BME,,2020,3.43,Andrew Landstrom  M.D.,22675
ase21,Aditya Eranki,PUBPOL,,2020,2.89,Prof Angel Harris  Ph.D.,8048
asa48,Andrew Arnold,BIOLOGY,,2020,3.11,Dr Adia Ross,24138
acm61,Angelo Moreno,ECON,ECE,2019,2.98,Amanda Randles,17124
amm73,Ann Mallick,ME,,2021,2.86,Alan Jose  Ph.D.,14567
ans83,Andie Shelton,CHEM,,2021,2.52,Amy Norbury,2315
arr51,Andrew Rillera,ECE,CHEM,2022,2.63,Michelle Hartman,17124
aea44,Amanda Ayers,HISTORY,,2022,2.89,Arnaud Maurel,23133
arc87,Alan Carrillo,ECON,,2020,2.9,April Salama  M.D.,16881
adw18,Aaron Williams,MATH,,2019,3.6,Andrew Armstrong  M.D.,6875
atr24,Allen Reed,POLSCI,FRENCH,2020,3.15,Andrey Bortsov  M.D.  Ph.D.,23876
awb33,Andrew Batchelder,SOCIOL,ME,2021,3.34,Dr Andi Senter  M.D.,9781
ajl82,Adam Lin,NEUROSCI,NURSING,2019,2.64,Andrea Udani  M.D.,24135
aak42,Ashley Karkoska,NURSING,,2019,3.75,Andrada Neacsiu  Ph.D.,22912
anc52,Alison Conrad,ECON,,2019,3.39,Dr Andy Kubinski,25279
aej21,Annie Janick,FRENCH,,2021,3.8,Alexander Kirshner  Ph.D.,4422
aef37,Anna Fink,CEE,PUBPOL,2020,3.68,Anthony Fuller,16875
aha19,Hunter Aitchison,ECON,,2021,2.51,Akida Yates,1461
ado20,Aliesha O'Raw,POLSCI,,2021,2.57,Dr Axel Muhlbacher  Ph.D.,8322
ayl26,Amy Liu,ENVIRON,,2019,3.3,Andrew Davis,13857
alj51,Adrienne Jackson,COMPSCI,,2021,3.83,Dr Andrew Luhrs  M.D.,2586
arp47,Andrew Passer,PUBPOL,,2020,3.8,Ayana Arce  Ph.D.,15348
arh86,Andrew Hayes,ECON,,2019,3.09,Anna Showalter,25029
asm74,Andrew Mikhail,EDUC,BIOLOGY,2020,2.85,Arthur Champagne III  Ph.D.,3513
abl29,Allyson Lee,ME,PUBPOL,2019,2.59,Andrew Landstrom  M.D.,8048
akg38,Alaina Greene,PUBPOL,,2020,2.94,Andrew Coffey,25279
akj31,Amber Johnson,SPANISH,COMPSCI,2022,2.85,Mandy Wetsel  Ph.D.,10020
amj55,Allison James,CULANTH,,2020,2.78,Amy H Herring,1854
aew53,Alec Waxman,COMPSCI,PUBPOL,2019,3.16,Allison G Robertson  Ph.D.,2586
asl63,Andre Lindsay,NEUROSCI,,2021,3.18,Dr Alejandro Landa,24135
ahn15,Anthony Nguyen,EDUC,,2021,3.91,Prof Angel Harris  Ph.D.,3513
aaf15,Alex France,PSY,BME,2020,2.57,Archie Tyson  M.D.,8766
anr40,Alexie Rudman,ME,ECON,2020,3.27,Alan Felton,1006
abs72,Alanna Styer,PSY,BIOLOGY,2022,3.46,Andrew James,8766
alr42,Adrienne Romer,BIOLOGY,SOCIOL,2021,3.56,Dr Axel Muhlbacher  Ph.D.,24138
adm39,Annabelle Mercer,NEUROSCI,,2019,2.56,Ajay Patel,24135
adj23,Aaron Jones,ECON,,2020,3.81,Alan Rathe,529
adl41,Andrew Lane,PUBPOL,,2021,3.53,Dr Reggy Iranmanesh  M.D.,8048
acc80,Alex Chukwuma,VMS,,2022,3.44,Benjamin Alman  M.D.,20138
ajg79,Adam Gonen,PUBPOL,,2022,3.33,Arlene Chung  M.D.,25279
ajg78,Andrew Garbisch,ECON,PUBPOL,2021,3.28,Andrew West,22156
anh41,Aya Hashem,ECON,,2020,2.91,Dr Andrew Luhrs  M.D.,7788
acd42,Arinton Davis,PUBPOL,,2021,2.56,Adam Williams,22156
ajp78,Amanda Padden,NURSING,,2021,3.19,Anna Smith,22912
agw24,Alina Walling,BME,,2019,3.32,Andy Bragg  Ph.D.,22675
ach45,Adrian Linden-High,EDUC,,2021,3.15,Amanda Kumar  M.D.,23540
acb84,Aidan Blake,ME,BIOLOGY,2019,3.09,Anna Smith,1461
ajp82,Angela Pugliese,PUBPOL,,2019,2.71,Arleen Song,25279
aeb77,Amber Burgin,ECE,COMPSCI,2020,3.91,Andre' Jordan Jr,17124
acs89,Ashleigh Smith,BME,,2020,3.76,Allison G Robertson  Ph.D.,22675
aar37,Allison Reinhardt,PSY,,2019,3.98,Andrew Lacroix  Ph.D.,8766
alr80,Allison Reagan,BIOLOGY,,2019,3.24,Dr Andrew Luhrs  M.D.,1461
ahw29,Alex Wein,VMS,PUBPOL,2020,3.67,Drew Hilton  Ph.D.,19765
adr45,Adam Roitman,BIOLOGY,,2022,3.68,Mandy Wetsel  Ph.D.,1461
alz18,Anna Ziff,ENGLISH,,2021,3.99,Allison J Rice,3807
apj11,Aileen Jiras,PUBPOL,,2019,2.67,Benjamin Alman  M.D.,15348
adk16,Aman Kansal,ECON,BIOLOGY,2021,3.63,Allison J Rice,1461
agl25,Austin Locklear,HISTORY,PUBPOL,2019,2.76,Andi Stamper,15348
asf47,Ally Freifeld,PUBPOL,,2019,3.63,Anna Smith,25279
adp33,Akash Patel,NURSING,COMPSCI,2019,2.97,Amanda Kumar  M.D.,22914
afa16,Abi Averill,PSY,,2019,3.15,Amy Lark  M.D.,8769
adw63,Andrew Witte,PSY,,2019,3.37,Dr Adrienne Inscoe  Ph.D.,8766
asa39,Austin Allen,FRENCH,SOCIOL,2021,3.14,Dr Adrienne Inscoe  Ph.D.,4422
ala24,Alex Adler,BIOLOGY,,2021,3.3,Anita Pisharody,1461
avp11,Alexandra Paul,CHEM,BIOLOGY,2022,3.2,Prof Aaron Pollack  Ph.D.,2315
aja40,Alec Ashforth,BIOLOGY,,2021,3.21,Ashlee Stiles  Ph.D.,24138
agw28,Drew Woten,FRENCH,ECE,2019,2.55,Prof Aaron Pollack  Ph.D.,4419
aja26,Jay Arora,POLSCI,,2022,2.82,Ashley Moskovich,8322
alt51,Anna Tomlinson,HISTORY,FRENCH,2019,3.47,Amy Kern  Ed.D.,4417
acy12,Alex Yu,BIOLOGY,,2020,3.14,Allen Gifford,1461
abd21,Blythe Davis,BME,,2020,2.51,Dr Andy Kubinski,22675
aem67,Alane Stalcup,ECON,BIOLOGY,2022,2.67,Mandy Wetsel  Ph.D.,1461
ads42,Tonho Sparks Jr.,NEUROSCI,,2022,3.8,Barbara Aldridge,24135
adm61,Alexis Malone,ECON,,2021,2.83,Adriane Lentz-Smith  Ph.D.,24915
arf28,Ali Frank,ENVIRON,,2022,3.82,Anne Gordon,4062
anl31,Ally Lublin,ECON,,2020,3.87,Ashwin Machanavajjhala,19765
arw69,Alyssa Wilson,NURSING,,2022,2.95,Anna Showalter,22912
aje20,Andrew Eurdolian,HISTORY,,2022,2.93,Anuj Kapadia  Ph.D.,19765
awg17,Alex Goff,ECON,ECE,2021,3.05,Andrea Nackley,17428
ach49,Avery Herman,COMPSCI,,2021,2.82,Amy H Herring,2586
awm28,Win Mordecai Jr.,PUBPOL,,2020,2.9,Dr Andrew Luhrs  M.D.,15348
afs37,Anne Hammond,NURSING,,2019,2.74,Ana Buck,22912
arp68,Arnav Pondicherry,COMPSCI,PUBPOL,2021,3.59,Ayana Arce  Ph.D.,2586
aee16,Anna-Maria Eid,ENVIRON,THEATRST,2019,3.39,Andre' Jordan Jr,4062
abc50,Ariana Stewart,BIOLOGY,PSY,2020,2.91,Amber Carr  Ph.D.,1461
ahj10,Alex Harris,BIOLOGY,,2019,2.61,Dr Alex Watson  Ph.D.,1461
acz10,Alexandros Zafeiris,PSY,NEUROSCI,2019,3.6,Andrea Bailey,8769
alm69,Alison Mayer,LINGUIST,CEE,2020,3.34,Anna Martin,1876
aad30,Ajay Desai,VMS,NURSING,2019,3.16,Ana Fernandez Gonzalez,8062
aps17,Antonio Segalini,ECE,PSY,2022,2.94,Anne Magee,17124
abm55,Allison Morgan,ENGLISH,,2020,3.92,Dr Brittany Davidson,3807
amj60,Ashley Justice,ECON,,2019,2.64,Mandy Wetsel  Ph.D.,24138
aab73,Amr Bedawi,BIOLOGY,,2019,3.52,Dr Angela Tunno  Ph.D.,1461
aep41,Alison Petro,ECON,,2022,3.75,Astrid Giugni,15262
asb93,Alexandra B̦gner,NURSING,,2019,3.77,Abdeslam Maghraoui  Ph.D.,22912
aja50,Alyssa Alexander,COMPSCI,,2021,2.82,Adriane Lentz-Smith  Ph.D.,2586
atc38,Anne Crowley,ECE,,2021,2.83,Amber Bowman  M.D.  Ph.D.,17124
ajg67,Alessandria Greco,ENVIRON,NEUROSCI,2020,3.05,Anne Gordon,13857
ajz10,Alonzo Zabel,ENVIRON,BIOLOGY,2019,3.34,Aaron Lentz  M.D.,13857
agd29,Anthony DeMartino,PUBPOL,,2021,2.79,Allen Stanton,15348
asb89,Angie Biele,PSY,,2019,3.75,Andrew Lacroix  Ph.D.,8766
adc81,Alanna Crotty,NURSING,BME,2020,3.07,Andrew Lacroix  Ph.D.,22914
akl32,Alexander Loomis,BIOLOGY,ECON,2021,3.52,Anne Gordon,1461
aeb89,Autumn Barnes,ECE,,2020,3.36,Dr Amber Jarvis  M.D.,17124
aam66,Avni Mehta,ECE,PSY,2020,2.73,Barbara Aldridge,17124
agw31,Amelia Wiercioch,PUBPOL,,2019,3.9,Audrey S Dickey  Ph.D.,15348
ars91,Amit Sarma,ECON,,2021,3.27,Dr Anita Shivadas,24138
ajk67,Andrea Kolarova,NEUROSCI,BME,2021,3.05,Ashley Hobson,24372
acm88,Amy Myers,ENVIRON,,2022,3.53,Andrew Lacroix  Ph.D.,4062
arh58,Andrew Hutchins,PUBPOL,,2019,3.48,Dr Reggy Iranmanesh  M.D.,22156
afp15,Alexa Putka,PHIL,ECON,2020,3.92,Arlene Chung  M.D.,7697
adf31,Alex Frumkin,ECON,PUBPOL,2020,2.76,Adriane Lentz-Smith  Ph.D.,15348
ats33,Alexis Salcedo,BIOLOGY,,2020,3.01,Ana Fernandez Gonzalez,24138
aph35,Andrew Homann,VMS,,2021,2.93,Dr Adrienne Inscoe  Ph.D.,20138
asb79,Alexandra Barr,MATH,ME,2021,3.51,April Salama  M.D.,25707
adw67,Avery Wilson,NEUROSCI,BIOLOGY,2020,3.88,Andre Bell,24135
aak29,Alexi Kontos,NURSING,,2019,3.68,Prof Anndal Narayanan  Ph.D.,22912
ark45,Arvind Krishnamurthy,ECON,PUBPOL,2021,2.81,Adam Rosen,15348
alj41,Amy Jones,ME,,2022,2.66,Anna Smith,18808
acg59,Alex Gorman,NURSING,PUBPOL,2019,2.57,Mandy Wetsel  Ph.D.,22912
amt66,Aakash Thumaty,MATH,,2021,2.7,Allison J Rice,6875
ama88,Andre' Agassi,ENGLISH,SOCIOL,2021,3.26,Alexander Kirshner  Ph.D.,3824
ajr63,Austin Rogers,BME,MATH,2022,3.96,Adam Long,22675
awk11,Andrew Kellogg Peeler,ECE,ECON,2021,3.11,Andi Stamper,17124
akn18,Alex Niebergall,CHEM,EOS,2020,2.93,Dr Reggy Iranmanesh  M.D.,2313
abb56,Allyn Belusko,BIOLOGY,PSY,2021,3.66,Barbara Aldridge,1461
aka32,Ahmed Abualsaud,BIOLOGY,ECON,2021,3.97,Anna Smith,24138
aen20,Anna Nordseth,BIOLOGY,,2022,2.7,Ann Collier  M.D.,1461
atg22,Drew Genuit,BIOLOGY,,2021,2.87,Dr Annabelle Chua  M.D.,1461
aam84,Amanda Murphy,BIOLOGY,,2019,3.89,Michelle Hartman,1461
ahl23,Annie Lee,BIOLOGY,,2022,3.38,Dr Amrit Gill,1461
alk43,Amanda Kidd,MATH,,2019,3.97,Dr Adam Boyette  Ph.D.,6875
agk17,Alex Kintzer,PUBPOL,,2020,2.84,Ashley Masters,22156
atc42,Ahmed Chmaisse,PUBPOL,ECON,2022,3.13,Dr Brittany Davidson,8048
asa62,Amanda Andriessen,EDUC,BIOLOGY,2022,2.73,Adam Rosenblatt,24432
apa20,Alex Amos,PUBPOL,,2021,2.64,Dr Amrit Gill,22156
asr38,Austin Ritter,ECON,,2020,3.57,Dr Amy Alger  M.D.,18275
abw35,Alexandra Walker,BIOLOGY,,2022,3.46,Anne Magee,1461
all75,Ashley Lea,COMPSCI,,2021,2.75,Anne Emler  M.D.,2586
akh11,Angie Hong,PUBPOL,,2019,3.29,Anthony Filiano  Ph.D.,15348
alz15,Alexis Zachem,EOS,,2021,3.49,Benjamin Alman  M.D.,1465
abm46,Allison Morgan,POLSCI,,2022,3.77,Atalie Thompson,24656
ant28,Audrey Thellman,PUBPOL,,2019,2.99,Amber Harkey,22156
akr39,Alyssa Rucker,BME,,2021,3.25,Andy Bragg  Ph.D.,22675
avm15,Avenir Morozov,HISTORY,,2020,3.86,Agatha Almunir,16881
aer51,Alanna Robinson,PHIL,,2020,3.1,Amy Corneli  Ph.D.,7697
adf23,Alexandra Fisher,ME,,2022,3.3,Allison G Robertson  Ph.D.,7550
ajt47,Amy Tornquist,ECON,,2021,3.73,Andrew West,24432
afl13,Andres Lebbos Habchi,ECON,NURSING,2022,3.25,Asheley Skinner  Ph.D.,22912
ajd61,Alice Darling,POLSCI,,2021,2.76,Michelle Hartman,23876
agt15,Alec Trub,NURSING,ECE,2022,3.49,Dr Andi Senter  M.D.,22914
asb78,Adam Beskind,ECE,ENVIRON,2021,3.99,Audrey S Dickey  Ph.D.,17124
akg36,Alice Grant,ECON,,2019,3.1,Angel Peterchev  Ph.D.,4925
ajf40,Aidan Fitzgerald,ECON,,2020,3.94,Andrew Miller  Ph.D.,22203
and36,Alex Diaz,ARTHIST,,2019,3.94,Ayana Arce  Ph.D.,529
arl42,Ally Livingston,EDUC,,2022,3.01,Ara Wilson  Ph.D.,3511
avs26,Anastasia Semenova,CULANTH,,2020,3.43,Adriane Lentz-Smith  Ph.D.,1854
ald67,Alexander Davis,COMPSCI,CULANTH,2020,2.88,Dr Alexey Mukhin  M.D.  Ph.D.,2586
asl61,Aimee Lassiter,BIOLOGY,PSY,2022,3.26,Arlene Chung  M.D.,1461
abf18,Alicia Fields,NURSING,,2021,3.28,Ana Buck,22912
anr44,Ashley Russell,BIOLOGY,,2019,3.31,Ashley Jardina,1461
alk44,Amy Kwong,ECON,,2020,3.17,Ann Bradsher  M.D.,529
bac33,Brooke Canty,STA,,2019,3.47,Drew Hilton  Ph.D.,19400
aln23,Amanda Nelson,ECON,,2022,3.99,Dr Adam Boyette  Ph.D.,20325
atg18,Amanda Glenn,BIOLOGY,,2019,3.5,Alexander Kirshner  Ph.D.,1461
asb81,Ahmed Birik,BME,,2019,2.96,Amanda Jimenez  D.O.,22675
akh48,Amy Holcomb,BME,,2020,3.89,Anita Disney  Ph.D.,22675
ads99,Alexandria Swaine,BIOLOGY,,2020,3.08,Andrew Miller  Ph.D.,24138
abs63,Alan Shenkerman,POLSCI,PSY,2021,2.62,Dr Alex Watson  Ph.D.,8322
ato10,Adeyemi Oginni,ECE,PUBPOL,2022,2.82,Amy Norbury,17428
aah44,Axel Herrera Ramos,ME,,2022,3.42,Andrea Nackley,24432
aam65,Ara Millette,BME,,2021,2.65,Anna Jacob  Ph.D.,22675
aea47,Anna Allsep,VMS,,2019,3.43,Adam Rosenblatt,8062
abe13,Ashley Ekmay,NEUROSCI,,2019,3.28,Barbara Aldridge,24135
atb37,Angela Bischof,PUBPOL,,2021,3.55,Asheley Skinner  Ph.D.,25279
amr88,Aaron Rissman,NEUROSCI,,2019,3.11,Anthony Filiano  Ph.D.,24372
akb71,Alper Bozkurt,BME,VMS,2020,3.85,Adriane Lentz-Smith  Ph.D.,22675
agg16,Alejandro Gaona,NURSING,ECON,2021,2.92,Alexandra Tranvik,22912
aca33,Adriana Ardy,STA,,2022,3.69,Andrada Neacsiu  Ph.D.,25155
alr67,Amanda Rigby,HISTORY,,2019,3.92,Ahmad Jitan,7019
ase24,Andrew Ellis,POLSCI,COMPSCI,2019,2.62,Dr Alexey Mukhin  M.D.  Ph.D.,8322
anb53,Amy Balfour,ECE,,2019,2.73,Andrea Nackley,17124
anw34,Amanda Wigler,COMPSCI,FRENCH,2021,3.67,Anne Gordon,2586
amg97,Alexandra Gara,PUBPOL,,2021,2.93,Ana Fernandez Gonzalez,22156
apw28,Andrew Weger,ECE,BIOLOGY,2021,3.24,April Salama  M.D.,17124
anw36,Arakua Welbeck,BIOLOGY,,2020,3.25,Prof Angel Harris  Ph.D.,1461
ahf13,Amy Fann,PUBPOL,,2019,2.51,Benjamin Alman  M.D.,15348
ajt44,Anisa Tapia,PUBPOL,,2020,2.64,Dr Adia Ross,25279
aeh64,Anne Harshbarger,ECON,,2022,3.24,Aaron McKethan,23338
aep56,Ann Poisson,BIOLOGY,,2020,3.9,Angel Peterchev  Ph.D.,1461
aem90,Allison McHorse,SOCIOL,,2021,3.84,Andrea Bailey,9781
afk15,Amy King,CULANTH,COMPSCI,2022,3.5,Dr Alexey Mukhin  M.D.  Ph.D.,1853
ask61,Avery Keese,BIOLOGY,ECE,2022,2.7,Andrew Coates  Ph.D.,1461
amp87,Alina Perez,ECON,,2022,2.87,Dr Alejandro Landa,14970
aas85,Alicia Sun,SOCIOL,,2019,2.59,Ana Buck,9781
amr89,Anna Reilly,BIOLOGY,,2019,3.11,Mandy Wetsel  Ph.D.,1461
art40,Ana Trejo,COMPSCI,,2020,3.24,Ana Buck,2586
aln20,Andy Nguyen,ENVIRON,,2022,3.94,Anthony Viera  M.D.,4062
amf84,Andrew Fredrickson,COMPSCI,SOCIOL,2019,3.88,Aileen Miller  M.D.,2586
acj35,Aeva Jazic,PSY,,2019,3.79,Amber Carr  Ph.D.,8766
afw13,Anam Wajid,PUBPOL,,2020,3.22,Ayana Arce  Ph.D.,15348
akr43,Addyson Rowe,ECON,BIOLOGY,2019,3.04,Adam Long,1461
akh40,Katie Hatstat,ENGLISH,,2019,3.36,Amy Pastva  Ph.D.,3815
ayc17,Ashley Choi,CHEM,,2022,3.8,Adam Rosen,2313
ajl83,Anna Lytchakov,CMRS,SOCIOL,2022,2.78,Prof Alexander Kiselev  Ph.D.,9789
amp96,April Papineau,NURSING,,2020,2.82,Adam Williams,22914
aln18,Amanda Nash,ECE,NEUROSCI,2020,2.78,April Salama  M.D.,17124
aak26,Ashley Kelley,ECON,,2020,2.99,Avani Pendse,18235
arw58,Alec Wall,ME,,2022,3.1,Alexandra Sutton Lawrence,6793
ajk41,Justin Kirkpatrick,NURSING,,2020,3.94,Audrey S Dickey  Ph.D.,22914
amt69,Aroldo Trejo,PUBPOL,BME,2020,3.5,Anne Emler  M.D.,25279
aef38,Alex Fenn,HISTORY,,2020,3.68,Dr Amrit Gill,13103
aee11,Anna Egas,PHYSICS,,2022,2.75,Dr Axel Muhlbacher  Ph.D.,23529
agb33,Allison Binkley,CEE,,2022,3.39,Amy Norbury,16875
aer34,Allison Roder,BIOLOGY,,2021,3.69,Mandy Wetsel  Ph.D.,1461
asp45,Anna Page,NURSING,,2020,2.7,Dr Alejandro Landa,22912
ajv16,Andrew Vista,PUBPOL,,2021,2.63,Alan Felton,15348
akl31,Adam Luke,ECON,,2021,2.75,Dr Aparna Vaikunth,1410
akv11,Ajay Varadhan,BME,CULANTH,2022,3.43,Allen Stanton,22675
agk19,Adam Krekorian,ECON,,2020,2.54,Aaron McKethan,24969
aln25,Amy Nyland,COMPSCI,,2020,3.89,Dr Alejandro Landa,2586
aah29,Adrianne Harris,NURSING,COMPSCI,2021,3.45,Anuj Kapadia  Ph.D.,22914
amz19,Abbas Zaidi,COMPSCI,HISTORY,2020,3.15,Dr Adam Boyette  Ph.D.,2586
aro15,Alex O'Neill,COMPSCI,,2022,3.05,Ashlee Stiles  Ph.D.,2586
anl21,Amanda Lazarus,BME,STA,2021,3.64,Angela Taylor,22675
ajw81,Austin Wadle,THEATRST,ECON,2022,3.06,Amy Stallings  M.D.,20797
alk51,Andrea Koris,PUBPOL,POLSCI,2022,2.95,Agatha Almunir,15348
arf38,Aidan Floyd,PSY,ECON,2021,2.65,Benjamin Alman  M.D.,8766
acd41,Aaron DePass,ECON,,2020,3.42,Ann Reed  M.D.,16428
akn17,Annie Nosek,PSY,CHEM,2022,3.86,Anne Marano,8769
akn13,Adarsh Nellore,ECON,,2019,3.83,Dr Alexey Mukhin  M.D.  Ph.D.,2586
aac47,Arin Chapman,SOCIOL,,2019,3.68,Allen Stanton,9789
acr43,Alex Rubin,POLSCI,,2022,3.22,Dr Alexey Mukhin  M.D.  Ph.D.,8322
ano12,Anwuli Okonjo,PUBPOL,ENGLISH,2021,3.16,Dr Aurelio Alonso  D.D.S.  Ph.D.,15348
ags49,Alyvia Schaad,BIOLOGY,PSY,2022,2.51,Andrew Lacroix  Ph.D.,1461
apc30,Alan Cooke Jr.,NURSING,,2021,3.87,Anna Smith,22912
ajd42,Anna Dowell,ME,,2021,2.56,Amanda Hargrove  Ph.D.,23540
aja33,Andrew Adelhardt IV,HISTORY,,2019,3.21,Andrada Neacsiu  Ph.D.,4278
ado21,Alex O'Connell,BIOLOGY,,2019,3.97,Dr Adam Boyette  Ph.D.,1461
ajf46,Alfonso Fuentes Blanco,VMS,ECON,2020,2.81,Anita Pisharody,8062
avb11,Sandra Bocharnikov,ECON,ENGLISH,2019,2.83,Atalie Thompson,3807
anm43,Anthony Monroe,MUSIC,,2019,3.39,Abdeslam Maghraoui  Ph.D.,12978
all81,Andrew Lindsay,ECON,,2022,3.49,Andrew Lacroix  Ph.D.,23683
arr45,Ankit Rastogi,CULANTH,,2022,3.41,Andrew West,1854
anw40,Ashley Woods,ME,,2021,3.21,Dr Andi Senter  M.D.,25105
anp37,Alycia Parker,STA,,2019,3.39,Amanda Jimenez  D.O.,13594
aad32,Amit Dodani,SOCIOL,PSY,2021,3.73,Ahmad Jitan,9789
aca22,Alyssa Arwood,PUBPOL,,2022,3.91,Avani Pendse,8048
aim11,Axel Magnusson,PUBPOL,,2021,2.82,Amber Oberle  M.D.,15348
ads48,Alexander Stine,ECE,,2022,3.22,Dr Amy Alger  M.D.,17124
ajl70,Andrea Larson,NURSING,,2021,3.22,Anita Disney  Ph.D.,22912
alp49,Allison Phillips,RELIGION,,2021,3.96,Archie Tyson  M.D.,21080
aww31,Alex Wilson,BME,,2022,3.54,Arnaud Maurel,22675
agk21,Anish Karpurapu,ENGLISH,EOS,2020,3.09,Ashlee Stiles  Ph.D.,3807
aja34,Anthony Alers,BIOLOGY,,2020,3.28,Anita Disney  Ph.D.,24138
agc21,Aaron Colston,PHYSICS,,2022,3.1,Andrew James,23529
ajl71,Alex Lowell,NURSING,,2020,2.54,Agatha Almunir,22912
arc86,Ali Chambers,COMPSCI,ENGLISH,2021,3,Michelle Hartman,2586
asb90,Arjun Bakshi,PUBPOL,,2020,2.57,Ann Bradsher  M.D.,22156
ats50,Alex Spiliotes,BME,,2022,2.59,Daniel Guerron Cruz  M.D.,22675
agc31,Niki Coley,PUBPOL,,2020,2.81,Dr Angela Tunno  Ph.D.,15348
aaa67,Aisha Allen,ENGLISH,COMPSCI,2021,3.84,Ann Bradsher  M.D.,3807
ajt48,Andrew Tetreault,PUBPOL,,2019,3.59,Angel Peterchev  Ph.D.,15348
anc54,Andy Chenlo,BIOLOGY,PHYSICS,2019,2.77,Andrada Neacsiu  Ph.D.,1461
adg55,Alden Glass,ECE,,2020,2.93,Dr Alexey Mukhin  M.D.  Ph.D.,17124
anm49,Audrey McManemin,STA,,2022,3.84,Dr Axel Muhlbacher  Ph.D.,16881
asc67,Ashley Cross,BME,,2019,3.31,Adam Rosen,22675
ajc91,Alex Chan,BME,,2019,3.03,Agatha Almunir,22675
anw41,Ashley Wells,ME,PUBPOL,2022,3.54,Alexandra Sutton Lawrence,25279
ajc94,Amanda Cabot,ENGLISH,,2019,3.44,Albert La Spada  M.D.  Ph.D.,3815
abd31,Alex Dodenhoff,BME,,2021,3.72,Dr Adrienne Inscoe  Ph.D.,22675
adm60,Ari Meza,ECON,,2019,3.4,Dr Alyssa Krueger,7550
ajg63,Amaree Gardner,BIOLOGY,,2021,3.6,Alan Felton,1461
awl15,Alison Lutz,HISTORY,,2022,2.78,Anne Gordon,22914
and29,Alex Dillon,CHEM,,2021,3.93,Alexandra Tranvik,2315
agp15,Ganesh Pentapalli,BIOLOGY,ECON,2019,3.02,Andrey Bortsov  M.D.  Ph.D.,1461
akv12,Anastasia Varanko,SOCIOL,,2019,3.18,Adam Long,9781
ast29,Ashley Tyler,ECE,,2019,2.6,Daniel Guerron Cruz  M.D.,17124
aey11,Anna Youngkin,NEUROSCI,,2019,2.65,Ashley Jardina,24135
aaf21,Alejandro Fernandez Lauretta,PUBPOL,,2019,2.96,Arnaud Maurel,15348
aam70,Anne Miller,ECON,,2021,2.92,Amy Stallings  M.D.,3845
aem99,Alan McCormick,ENVIRON,,2019,3.4,Dr Alejandro Landa,13857
amj62,Mia Johnson,POLSCI,,2019,3.98,Dr Axel Muhlbacher  Ph.D.,8322
acg58,Angela Guan,RELIGION,VMS,2019,3.88,Dr Anne West,9194
avn11,Ginny Naughton,HISTORY,,2019,3.25,Anthony Fuller,22905
aja41,Lexi Alvillar,PUBPOL,BIOLOGY,2021,2.51,Prof Angel Harris  Ph.D.,25279
ahk20,Amy Kim,EDUC,BME,2022,3.72,Alison Klein  Ph.D.,23540
aea33,Ahmed Almansoori,COMPSCI,,2022,3.84,Andi Stamper,2586
alo17,Amanda Olson,HISTORY,,2022,3,Andrea Nackley,15263
aaa91,Abdulaziz Alsalman,ECON,,2020,2.54,Angela Taylor,7692
ana19,Ariana Allen,NEUROSCI,,2021,3.97,Andrew Lacroix  Ph.D.,24135
acy14,Annie Yang,CEE,,2021,3.05,Amy Lark  M.D.,16875
abs70,Ashwin Subramaniam,ECON,,2022,3.29,Ashley Jardina,12640
asp44,Aaron Peterson,ECON,,2019,2.99,Ashwin Machanavajjhala,15348
bad32,Bernardo Dionisi,PSY,,2022,3.36,Akida Yates,8766
app25,Anant Pandey,STA,PSY,2021,2.64,Andrew Coates  Ph.D.,8766
aia11,Alana Adamus,CEE,,2020,2.8,Anne Johnson,16875
acj21,Abigail Jackson,BIOLOGY,,2020,2.56,Amanda Randles,1461
asv17,Anna Ellement,ME,SOCIOL,2021,3.98,Dr Aurelio Alonso  D.D.S.  Ph.D.,9789
abg28,Alex Guevara,PHIL,,2019,2.87,Andrea Udani  M.D.,7694
acv13,Aaron VanSteinberg,BIOLOGY,NEUROSCI,2019,3.04,Dr Amber Jarvis  M.D.,1461
asc63,Austin Carter,BIOLOGY,,2020,3.28,Anna Showalter,1461
asp49,Anna Sophie Peters,BIOLOGY,,2020,2.75,Ana Buck,1461
aaa63,Aminah Al-Attas Bradford,ECON,,2019,2.58,Ann Bradsher  M.D.,5026
ace28,Avery Edward,BIOLOGY,,2022,2.71,Andrea Bailey,1461
acl39,Amanda Lohmann,ENVIRON,,2021,3.34,Ann Reed  M.D.,4062
aep38,Alfred Pesto III,MATH,PSY,2021,2.72,Allen Gifford,6875
ajl89,Antoine Li,PUBPOL,,2020,3.4,Dr Alejandro Landa,15348
aem19,Aaron Markham,NEUROSCI,,2019,2.58,Archie Tyson  M.D.,24372
agw22,Austin Windham,MATH,,2022,3.78,Anita Disney  Ph.D.,6875
ajl76,Ayanna Legros,COMPSCI,,2022,3.83,Amanda Eudy,2586
aas98,Abby Snyder,NURSING,,2020,3.27,Aaron McKethan,22912
asf41,Arilia Frederick,SOCIOL,,2021,3.85,Adam Rosenblatt,9781
atl18,Amber Lemmons,NURSING,,2021,2.73,Adrienne Koch,22912
avd16,Ashley DiMarco,PUBPOL,POLSCI,2019,3.14,Dr Anita Shivadas,22156
aac20,Angie Chavarria,BIOLOGY,,2019,3.88,Mandy Wetsel  Ph.D.,1461
abn15,Ava Navarro,EDUC,,2021,2.89,Amy Lark  M.D.,3511
asa59,Abena Antobre,ECON,,2022,2.98,Ann Bradsher  M.D.,23953
arl41,Alex Linares,BME,ECON,2019,3.91,Prof Anndal Narayanan  Ph.D.,22675
arl26,Andy Lack Jr.,ECON,PUBPOL,2021,3.61,Andrew Davis,8048
asf38,Adam Fischer,PUBPOL,ME,2022,2.73,Anna Martin,8048
abb73,Andrea Belle Isle,ECON,,2020,3.74,Andrea Nackley,2974
akw30,Amy Webster,BIOLOGY,,2020,3.38,Alan Felton,1461
arm88,Amber Misra,ECE,,2020,2.62,Avani Pendse,17124
aek48,Ammie Kahl,NEUROSCI,,2020,3.09,Anne Magee,24372
asf40,Arielle Fogel,HISTORY,,2022,2.83,Andrew Miller  Ph.D.,7694
ahd16,Gus Dodd,MUSIC,,2022,2.88,Dr Alexey Mukhin  M.D.  Ph.D.,12978
ans66,Adrienne Smith,SOCIOL,ME,2019,3.37,Allen Stanton,9789
ajr89,Annie Roberts,PSY,,2020,3.33,Alfredo Watkins,8769
aaw49,Amory Williams,NURSING,,2020,2.82,Adrienne Koch,22914
ack47,Alicia Krueger,COMPSCI,,2022,3.96,Dr Amrit Gill,2586
aag45,Allison Galezo,BIOLOGY,,2022,3.86,Amanda Hargrove  Ph.D.,1461
amg63,Ariana Gallegos,POLSCI,NURSING,2022,3.77,Anthony Fuller,8322
atj14,Anne Jack,POLSCI,,2022,3.69,Aya Fujimura-Fanselow  J.D.,8322
ara38,Amarachi Achonu,BME,PUBPOL,2019,3.19,Amanda Johnson  O.D.,22675
agb41,Adan Barrera,PUBPOL,,2019,3.66,Ashley Masters,22156
abh37,Tripp Hostetter III,ECE,,2021,3.19,Amber Oberle  M.D.,17124
acj33,Lexi Joseph,NURSING,,2021,3.99,Dr Audey Veach,22912
aca13,Ricky Anjorin,ECON,,2019,3.46,Astrid Giugni,20906
adw54,Antone Williams,NEUROSCI,STA,2020,2.8,Akida Yates,24135
aea42,Anika Augustin,PUBPOL,,2020,3.49,Andrea Udani  M.D.,22156
aab74,Sina Balogun,POLSCI,ECE,2019,2.95,Mandy Wetsel  Ph.D.,8322
agc26,Alex Culbert,PUBPOL,,2019,3.28,Andrea Nackley,15348
aep39,Andrew Padilla,STA,,2022,2.52,Ashlee Stiles  Ph.D.,13857
ach75,Alyssa Habermann,PUBPOL,BIOLOGY,2022,3.13,Amber Bowman  M.D.  Ph.D.,22156
asd41,Lexi Davidson,BIOLOGY,EOS,2019,3.86,Andrada Neacsiu  Ph.D.,1461
aar25,Advait Reddy,ENVIRON,BIOLOGY,2020,2.55,Amy Barto  M.D.,13857
ast30,Alexa Tannebaum,COMPSCI,,2020,2.51,Dr Adrienne Inscoe  Ph.D.,2586
ajd43,Andrew Darnell,SPANISH,FRENCH,2019,3.74,Anne Marano,10022
asz13,Alicia Zhao,NURSING,,2019,3.74,Ashley Arnold,22914
alw89,Ayobami Ward,NURSING,,2020,2.88,Ann Collier  M.D.,22914
ajd57,Adam Doll,BME,,2020,3.51,Andrew Davis,22675
ajp54,Arnaldo Perez,ECON,STA,2020,2.88,Prof Aaron Kay  Ph.D.,17498
aaa87,Alex Anglin,HISTORY,ECON,2019,3.33,Abdeslam Maghraoui  Ph.D.,7692
aps44,Anthony Schneider,PHIL,,2020,3.4,Prof Alexander Kiselev  Ph.D.,22156
act48,Alan Tang,ME,,2021,2.71,Ann Bradsher  M.D.,16850
ans63,Avi Schweitzer,NEUROSCI,,2019,2.59,Amy Kern  Ed.D.,24372
alg68,Anastasia Gant,NEUROSCI,ECON,2022,3.95,Amy Lark  M.D.,24135
ajh98,Ashley Halleran,ENVIRON,BME,2021,3.08,Adam Long,4062
afb34,Angela Bazzell,COMPSCI,BME,2021,2.59,Prof Angel Harris  Ph.D.,2586
ajp80,Alissa Prinsloo,BME,,2020,2.94,Andrew Coffey,22675
akj30,Arjun Juneja,PUBPOL,,2020,2.69,Atalie Thompson,15348
agl24,Abbey List,VMS,,2022,3.73,Amanda Hargrove  Ph.D.,8062
ahl24,Alan Leggio,PUBPOL,,2019,3.94,Anthony Fuller,8048
arc66,Alyssa Calland,NEUROSCI,,2019,2.95,Anna Smith,24135
atl16,Alex Lu,PSY,,2022,2.77,Ashley Moskovich,8766
ach81,Anna Hughes,ECON,COMPSCI,2020,2.71,Alfredo Watkins,2586
adb70,Akeyla Bigelow,STA,PUBPOL,2022,2.55,Allison G Robertson  Ph.D.,15348
asd26,Amanpreet Dhaliwal,ME,,2020,2.85,Ashwin Machanavajjhala,15263
act40,Addama Tucker,CULANTH,,2019,2.97,Alan Felton,1853
amr82,Marija Rudzite,PUBPOL,,2019,3.02,Adam Williams,22156
acf31,Abby Flyer,BME,,2021,3.43,Dr Anita Shivadas,22675
aps52,Andrew Statkevich,NURSING,,2021,3.4,Anne Johnson,22914
aab70,Autumn Burton,CEE,,2022,3.68,Andrea Udani  M.D.,16875
arm91,Gus Meny,ECON,NEUROSCI,2021,3.44,Dr Alexey Mukhin  M.D.  Ph.D.,24135
acc86,Anne Crabill,BIOLOGY,,2021,3.11,Adam Rosen,24138
adw43,Alexandra Wen,NEUROSCI,,2019,2.76,Dr Aparna Vaikunth,24135
acg46,Anthony Graves,EDUC,,2021,2.76,Dr Annabelle Chua  M.D.,20823
ash78,Amber Hendley,ENGLISH,,2019,3.92,Dr Axel Muhlbacher  Ph.D.,3807
aap45,Aleah Peffer,ME,,2019,3.83,Andre' Jordan Jr,2586
aro16,Alix Ouazana,ENVIRON,,2021,2.58,Ashley Moskovich,4062
aam85,Ashley McGee,PUBPOL,,2020,3.26,Andrew Davis,25279
ava17,Alex Anderson,ME,,2020,3.03,Ashley Jardina,2974
acb68,Alex Broussard,PUBPOL,,2022,3.83,Anne Gordon,25279
abr39,Alexa Robertson,NURSING,,2019,2.5,Ashwin Machanavajjhala,22914
ajr91,Alejandro Rodriguez-Vi̱a Martinez,ECON,ENGLISH,2020,2.73,Ayana Arce  Ph.D.,3807
aak43,Ahmad Khan,ECE,,2022,3.49,Aileen Miller  M.D.,17428
art35,Andrew Toig,THEATRST,,2021,3.69,Allen Stanton,23204
ald66,Alyssa Davy,PUBPOL,,2021,3.64,Amber Bowman  M.D.  Ph.D.,25279
amt75,Aidan Therien,ENGLISH,,2021,2.91,Andrea Nackley,3815
alt55,Alexandra Thomas,POLSCI,ECON,2020,3.18,Benjamin Alman  M.D.,23876
amp97,Andrea Pupillo,NURSING,,2021,3.52,Ashlee Stiles  Ph.D.,22914
abg35,Amanda Brewer,ECON,,2021,3.99,Dr Alexey Mukhin  M.D.  Ph.D.,14315
amo34,Anthony Ohayon,BIOLOGY,,2020,2.7,Mandy Wetsel  Ph.D.,1461
aaz10,Abby Zhang,ECON,BIOLOGY,2022,3.94,Andrew Armstrong  M.D.,24138
ack42,Andrew Kelleher,BME,,2020,3.86,Arlene Chung  M.D.,22675
adc79,Alex Cochran,BIOLOGY,,2020,3.25,Amanda Eudy,1461
ago11,Alina O'Brien,CULANTH,,2021,3.59,Dr Angela Tunno  Ph.D.,1860
acj13,Adrienne Jones,PSY,,2021,2.81,Asheley Skinner  Ph.D.,8766
abs76,Alicia Steiman,BIOLOGY,PUBPOL,2020,3.7,Akida Yates,24138
acs79,Amber Strange,ME,BIOLOGY,2021,3.24,Ajay Patel,24138
ahg12,Alexander Gunn,PSY,NURSING,2020,3.04,Prof Anndal Narayanan  Ph.D.,8766
adv12,Adithya Vellal,BME,NURSING,2022,2.89,Dr Angela Tunno  Ph.D.,22675
ads50,Aline Swiec,ENVIRON,,2021,2.54,Dr Adam Boyette  Ph.D.,13857
ash75,Alyssa Hetfield,ECON,,2019,2.78,Ann Collier  M.D.,8322
arh66,Arianna Harrington,POLSCI,,2020,3.68,Dr Axel Muhlbacher  Ph.D.,24656
abs62,Adam Snowden,STA,,2021,3.95,Asheley Skinner  Ph.D.,9586
agr20,Ana Ramirez,MATH,,2022,3.42,Anne Johnson,25707
adw66,Ashley Warren,SOCIOL,,2021,2.74,Anne Marano,9781
apb44,Allan Biffi,NURSING,PUBPOL,2022,2.6,Dr Alexander Borun,22914
and38,Ajay Dheeraj,BIOSTAT,,2020,2.73,Amy Stallings  M.D.,7974
alg88,Anna Gotskind,POLSCI,,2021,3.69,Alexandra Johnson  J.D.,24656
alt37,Ashleigh Thomas,PSY,NEUROSCI,2020,2.84,Andrew Armstrong  M.D.,8769
ajr82,Aurora Ross,ECE,,2022,2.9,Amy Pastva  Ph.D.,17124
acb99,Ashley Batts,CHEM,,2020,3.09,Drew Hilton  Ph.D.,2315
abv13,Andrew Villeneuve,ECE,,2022,3.71,Atalie Thompson,17428
awj12,Allie Jaarsma,LINGUIST,,2019,3.91,Ahmad Jitan,21412
agm57,Adeline Monaghan,PSY,CHEM,2019,3.5,Ashley Jardina,8769
all78,Ava LeWinter,PUBPOL,,2019,2.92,Andi Stamper,22156
acm79,Ashley Manigo,ECON,,2022,2.51,Ann Reed  M.D.,8062
aal26,Anthony Llopis,EDUC,COMPSCI,2019,3.28,Dr Angela Chavez,3513
ahs44,Austin Sanders,PSY,,2021,2.82,Adam Long,8769
adl49,Ada Lin,ECON,,2021,3.4,Andy Bragg  Ph.D.,16428
asl50,Alex Lewis,POLSCI,,2021,3.35,Dr Reggy Iranmanesh  M.D.,8322
ahc15,Andrew Cooper,SOCIOL,BIOLOGY,2022,3.7,Ana Buck,9789
acm97,Amanda Mathews,PUBPOL,,2022,2.74,Adam Rosenblatt,25279
atf25,Alex Finley,NURSING,,2021,3.7,Anna Showalter,22912
alp67,Anne Pass,BIOLOGY,,2022,2.83,Daniel Guerron Cruz  M.D.,1461
anb24,Anita Bateman,ECON,,2019,3.17,Alison Klein  Ph.D.,1004
aks87,Alyssa Steinmetz,ECE,,2020,2.84,Andrada Neacsiu  Ph.D.,17124
aek41,Elise Kreiling,BME,BIOLOGY,2022,3.31,Ashwin Machanavajjhala,22675
ajj29,Alex Jimenez,EDUC,,2019,3.62,Alan Jose  Ph.D.,20823
aps27,Aaron Smith,ENGLISH,,2021,3.02,Alan Rathe,3815
acw64,Andrew Whitworth,PUBPOL,,2020,2.84,Albert La Spada  M.D.  Ph.D.,25279
adc55,Alexander Cherches,NEUROSCI,CMRS,2020,2.63,Ann Collier  M.D.,24135
abb57,Angelo Bonomi,ECE,COMPSCI,2020,2.56,Arnaud Maurel,17124
aeb87,Alexander Bendeck,ECON,PSY,2020,2.82,Dr Aparna Vaikunth,8766
aks94,Achim Schwemmlein,NURSING,,2019,2.54,Dr Andy Kubinski,22912
abh44,Blake Hobson,BIOLOGY,PUBPOL,2020,3.83,Angel Peterchev  Ph.D.,1461
abr26,Alex Russell,NURSING,,2021,3.69,Dr Amrit Gill,22912
arl45,Amanda Lucier,PUBPOL,CULANTH,2020,3.08,Ara Wilson  Ph.D.,22156
amj58,Ann-Marie Jacoby,CULANTH,,2022,2.69,Amber Carr  Ph.D.,1854
ahm25,Ava Maritato,ME,,2021,3.98,Andrea Nackley,1853
afm28,Alex Merz,PUBPOL,,2022,2.53,Anne Emler  M.D.,15348
adf35,David Fayankinnu,POLSCI,,2019,3.15,Dr Annabelle Chua  M.D.,8322
ash43,Andrea Herman,POLSCI,,2019,3.16,Astrid Giugni,23876
aln22,Alexa Narayan,PUBPOL,EDUC,2020,3.83,Andrew Landstrom  M.D.,15348
atb45,Austin Byerly,PSY,,2019,3.82,Amber Harkey,8769
atd25,Taylor Donner,STA,ME,2021,3.03,Anne Emler  M.D.,23278
amv33,Anderson Vereyken,BME,,2021,3.34,Dr Alyssa Krueger,22675
agr18,Ashlyn Rickard,ECON,,2021,3.01,April Salama  M.D.,15531
atp24,Al Pick,ECON,POLSCI,2020,3.76,Drew Hilton  Ph.D.,8322
ajf37,Abraham Frandsen,POLSCI,COMPSCI,2021,3.64,Dr Adrienne Inscoe  Ph.D.,23876
ast28,Shaun Taraporewalla,POLSCI,,2022,3.93,Dr Adrienne Inscoe  Ph.D.,8322
amw77,Anna Wade,NURSING,,2021,2.81,Avani Pendse,22912
ajr71,Alex Rego,BME,,2020,2.54,Alan Rathe,22675
agp11,Gray Perrone,POLSCI,,2021,3.36,Arleen Song,8322
ana15,Amani Ahmed,ECON,,2022,3.35,Alexandra Johnson  J.D.,17292
ajt50,Aren Tucker,BIOLOGY,,2021,3.39,Amber Carr  Ph.D.,1461
arp69,Ariana Paniagua,PUBPOL,,2020,3.53,Adam Williams,25279
awc27,Alex Campbell,EDUC,,2020,2.86,Alfredo Watkins,3513
apa17,Alex Angel,BIOLOGY,,2019,3.99,Anna Showalter,1461
aml87,Adriana Lapuerta,ECON,,2019,3.09,Dr Alyssa Krueger,14567
aag44,Ashlyn Gruber,ENVIRON,PUBPOL,2020,3.93,Amber Bowman  M.D.  Ph.D.,4062
acr55,Allessandra Reuben,CHEM,,2021,3.77,Amy Lark  M.D.,2315
aat18,Allison Triskett,NEUROSCI,PUBPOL,2019,3.14,Dr Alexey Mukhin  M.D.  Ph.D.,24372
aos12,Olivia Sahaydak,MATH,,2021,3.54,Anne Marano,6875
acw23,Alex Winn,BME,,2022,3.69,Aileen Miller  M.D.,22675
amt64,Aaron Tarnasky,ME,,2022,3.82,Ayana Arce  Ph.D.,15348
afg16,Andrea Gonzales,BME,,2020,3.64,Andrey Bortsov  M.D.  Ph.D.,22675
aaf24,Abimbola Fadairo-Azinge,ENVIRON,,2022,3.06,Ashley Moskovich,23214
afh11,Aadil Hussain,COMPSCI,POLSCI,2019,3.85,Amanda Hargrove  Ph.D.,2586
ajj22,Alan Jaske,FRENCH,,2021,3.14,Anita Pisharody,4419
akl39,Akram Laytimi,PSY,,2022,3.02,Alfredo Watkins,8766
amk97,Anna Kudla,BME,,2021,2.56,Aileen Miller  M.D.,22675
abb59,Andrew Brown,BIOLOGY,,2021,3.43,Andrey Bortsov  M.D.  Ph.D.,1461
asw57,Andrew Wilcox,ECON,,2020,2.89,Andrew West,18102
ado12,Alejandro Ortega,PHYSICS,,2022,2.91,Dr Anne West,7884
aep37,Amanda Pruthi,CEE,BIOLOGY,2020,3.87,Avani Pendse,16875
alc87,Allison Chang,BME,NURSING,2021,3.44,Anna R. Terry  M.D.,22675
ajn24,Anastasia Niver,BME,BIOLOGY,2020,2.85,Alison Klein  Ph.D.,22675
ald57,Allison Dear,GERMAN,,2019,3.98,Andre' Jordan Jr,4766
agp16,Andrew Peipers,BIOLOGY,,2020,3.15,Agatha Almunir,1461
ahc12,Amanda Cox,BIOLOGY,PUBPOL,2022,3.49,Akida Yates,1461
arh75,Annabella Helman,MATH,BIOLOGY,2020,3.34,Dr Adia Ross,6875
ahs31,Adam Seecoomar,ECON,,2022,2.73,Dr Adam Boyette  Ph.D.,24426
akk42,Abdul Kallon,ME,,2020,3.74,Audrey S Dickey  Ph.D.,17409
aen13,Andres Nazario,BME,,2021,2.6,Dr Brittany Davidson,22675
aml88,Andrea Le Floch,BIOLOGY,,2019,3.4,Ashley Arnold,1461
abt13,Alex Turdean,NURSING,VMS,2022,3.04,Dr Andrew Luhrs  M.D.,22912
awm20,Alex Moore,ECON,,2019,3.58,Dr Andy Kubinski,19468
amm85,Alyssa Miller,BIOLOGY,,2022,2.81,Mandy Wetsel  Ph.D.,1461
aha24,Aya Ahmed,BME,ECE,2019,3.65,Aya Fujimura-Fanselow  J.D.,22675
bab97,Brian Bosem,NEUROSCI,BIOLOGY,2022,3.67,Prof Aaron Kay  Ph.D.,24135
akr34,Amrita Ramji,BIOLOGY,PHIL,2020,3.3,Alison Klein  Ph.D.,1461
ajf30,Alexander Fowler,ECE,,2022,3.95,Ashwin Machanavajjhala,17428
alh67,Amber Eubanks,CULANTH,COMPSCI,2021,2.78,Ara Wilson  Ph.D.,1860
abb70,Allie Broas,ECON,BIOLOGY,2021,3.68,Andrew Armstrong  M.D.,24138
aab83,Athanasios Burlotos,ECE,,2019,3.9,Dr Alan Lee  Ph.D.,17124
abs53,Andrew Schneider,NURSING,ME,2019,3,Dr Alan Lee  Ph.D.,22914
asr40,Ashleigh Rawls,NURSING,,2022,2.7,Amanda Randles,22912
aha20,Armin Ameri,ENGLISH,,2022,2.56,Dr Anne West,3807
ado23,Allison Oliva,ECON,,2021,3.87,Dr Audey Veach,22409
aed41,Alexandra DiGiacomo,COMPSCI,ECE,2021,3,Andrada Neacsiu  Ph.D.,2586
ami10,Aman Ibrahim,PSY,,2021,3.21,Agatha Almunir,8766
aks84,Alex Scheuermann,ECE,,2022,3.4,Amanda Jimenez  D.O.,17428
ajk46,Andrew Kondash,MATH,,2020,2.91,Andrew Miller  Ph.D.,6875
apm34,Aditya Mathur,BME,SOCIOL,2020,3.34,Dr Alejandro Landa,22675
apk18,Alex Kelly,POLSCI,,2021,3.76,Andrew Miller  Ph.D.,23876
ajr84,AJ Reed,POLSCI,BIOLOGY,2020,3.05,Mandy Wetsel  Ph.D.,8322
aac49,Andre Chambers,BIOLOGY,,2022,3.18,Aileen Miller  M.D.,1461
agh33,Anneka Huegerich,ME,BIOLOGY,2019,2.8,Anna R. Terry  M.D.,1461
asn22,Assumpta Nantume,NEUROSCI,,2021,3.16,Ara Wilson  Ph.D.,24372
aec50,Andrew Cardin,PSY,,2019,3.65,Andrew Davis,8766
avs22,Aditya Santoki,POLSCI,,2021,3.73,Amanda Johnson  O.D.,23876
acw65,Alex Wilson,COMPSCI,,2022,2.59,Ayana Arce  Ph.D.,2586
ajw70,Avivah Wang,ENVIRON,,2022,3.52,Dr Annabelle Chua  M.D.,13857
asa45,Aman Aberra,PSY,ENVIRON,2022,3.4,Drew Hilton  Ph.D.,8766
ary14,Annabelle Yang,NURSING,,2020,3.9,Dr Annabelle Chua  M.D.,22914
asv13,Andrew Vollmer,BIOLOGY,,2020,3.76,Amber Bowman  M.D.  Ph.D.,1461
atm46,Amelia Martin,POLSCI,,2022,2.79,Anne Emler  M.D.,24656
abb10,Andrew Barbour,PHYSICS,,2020,2.52,Dr Andi Senter  M.D.,23529
adm58,Anna Munro,ECON,BIOLOGY,2022,3.52,Ann Collier  M.D.,1461
akl41,Arjun Laud,PSY,,2020,3.11,Dr Alexander Borun,8766
anb57,Amanda Botscheller,PUBPOL,,2020,3.55,Angel Peterchev  Ph.D.,8048
alf42,Angie Fleenor,COMPSCI,RELIGION,2020,2.97,Adam Rosen,2586
ard39,Trey de Leon III,ENVIRON,,2022,2.93,April Salama  M.D.,13857
ats41,Amanda Stevens,PUBPOL,NURSING,2019,3.75,Anita Pisharody,15348
abw36,Andrew Workman,PSY,,2020,3.41,Anna Smith,8769
abf20,Aymie Feeney,ECON,,2019,3.42,Alexandra Tranvik,24395
afp18,Alex Peterson,NEUROSCI,,2022,2.58,Prof Aaron Kay  Ph.D.,24372
anm60,Ashley Myers,NURSING,,2019,3.21,Andre' Jordan Jr,22912
akt19,Alex Torres,HISTORY,,2022,3.66,Adam Williams,5577
aem92,Amanda May,PUBPOL,BIOLOGY,2019,2.82,Angela Taylor,25279
ans81,Alex Smith,BME,,2020,3.75,Dr Anne West,22675
acm92,Colby Matthiasson,ECE,,2019,3.95,Dr Angela Tunno  Ph.D.,17124
akt21,Ali Thursland,NURSING,,2020,2.83,Amy Lark  M.D.,22914
ajp63,Alicia Porile,BME,,2020,3.8,Mandy Wetsel  Ph.D.,22675
acm91,Amnazo Muhirwa,BIOLOGY,ECON,2021,3.65,Ann Reed  M.D.,1461
anm53,Austin Morgan,MATH,,2022,2.66,Alan Rathe,25707
aae21,Amika Ekanem,COMPSCI,,2020,2.59,Amy Norbury,2586
aej28,Allison Janowski,PUBPOL,ECON,2019,3.99,Adam Tosh,15348
abk35,Lexi Kadis,BIOLOGY,ME,2020,3.18,Dr Brittany Davidson,1461
aar26,Lexi Rieu,ECE,,2019,2.58,Dr Reggy Iranmanesh  M.D.,17124
asb94,Alexander Behura,NEUROSCI,MATH,2019,2.7,Alan Rathe,24135
abs75,Atharva Sheth,BIOLOGY,,2021,3.15,Andrew Davis,1461
akm55,Alex Marchyshyn,BME,BIOLOGY,2019,3.81,Dr Angela Tunno  Ph.D.,22675
abb54,Andr̩a Ball,BIOLOGY,,2020,3.16,Allen Stanton,1461
baa26,Brianna Adkins,AAAS,,2019,3.76,Anthony Fuller,64
ath36,Alexandra Hanzlick,CHEM,POLSCI,2022,3.04,Allison J Rice,2315
ahk23,Ajinkya Kokandakar,ECON,,2019,3.14,Anita Pisharody,22918
arg44,Alec Goodman,ECON,,2021,3.66,Adam Williams,18963
ahl26,Avi Lieberman,NEUROSCI,PUBPOL,2021,3.39,Ann Bradsher  M.D.,24135
amt43,Aarti Thakkar,PSY,,2022,3.83,Amanda Kumar  M.D.,8766
avp21,Armani Porter,BME,,2021,2.71,Robert Calderbank  Ph.D.,22675
adk34,Aren Kalash,NURSING,,2021,3.97,Dr Anne West,22914
acc69,Abby Czito,POLSCI,,2020,3.41,Prof Angel Harris  Ph.D.,8322
aaf19,Ariel Fong,PSY,NURSING,2021,2.66,Allen Stanton,8766
ahr16,Allie Rauch,POLSCI,,2019,2.52,Dr Adia Ross,8322
afs28,Ali Sloan,CHEM,,2021,3.42,Angel Peterchev  Ph.D.,2313
acn12,Anthony Nash,NURSING,ARTHIST,2019,3.24,Aileen Miller  M.D.,22912
amk90,Amanuel Kibrom,BIOLOGY,,2021,2.81,April Salama  M.D.,24138
aal35,Ashley Lanzas,NURSING,,2021,3.34,Amber Carr  Ph.D.,22914
ajv20,Alyssa Vasquez,PUBPOL,,2022,2.88,Allen Stanton,8048
alj39,Angel Jackson,BIOLOGY,,2021,3.35,Ahmad Jitan,1461
akk33,Abby Kay,PUBPOL,,2022,2.84,Arlene Chung  M.D.,15348
ana25,Angie Anaeme,POLSCI,,2020,3.99,Ashley Jardina,8322
aac45,Arianna Carr,HISTORY,,2019,2.79,Alexis Vreeland,22409
bac40,Bryanna Carpenter,POLSCI,,2020,3.59,Andrea Nackley,24656
aep54,Alex Pogrebniak Jr.,POLSCI,ECON,2020,2.91,Albert La Spada  M.D.  Ph.D.,8322
avs28,Anthony Severin,CEE,,2019,2.71,Daniel Guerron Cruz  M.D.,16875
akt23,Anna Kay Talmage,PSY,,2021,3.52,Dr Angela Chavez,8769
aje24,Andrew Epprecht,ECON,,2020,3.55,Andrea Udani  M.D.,7788
abb50,Andrew Bates,BIOLOGY,,2021,3.41,Alexis Vreeland,1461
acw63,Avery Westerlund,FRENCH,,2019,2.82,Alexandra Tranvik,4419
apg23,Alex Gottwald,FRENCH,,2022,2.64,Amber Harkey,4419
akg35,Akshay Gupta,PSY,,2021,3.25,Amanda Hargrove  Ph.D.,8766
anb49,Ali Boden,ECE,CULANTH,2021,2.97,Michelle Hartman,17124
aas74,Ashka Stephen,PSY,,2019,2.81,Ara Wilson  Ph.D.,8766
atc35,Andrew Carlins,ECON,PSY,2020,3.99,Abdeslam Maghraoui  Ph.D.,8769
aal31,Alberto La Rosa Rojas,NURSING,,2022,2.66,Amanda Jimenez  D.O.,22912
atf24,Andrew Forrester,PUBPOL,BIOSTAT,2019,2.85,Alfredo Watkins,22156
akc38,Alex Chin,ECE,,2021,2.74,Arleen Song,17428
atc31,Andie Carroll,ME,,2020,3.53,Anne Gordon,12977
aam99,Alexander Morelli,PSY,ECON,2019,3.91,Alexandra Sutton Lawrence,8769
bad16,Bradford Dubik,COMPSCI,,2021,3.15,Audrey S Dickey  Ph.D.,2586
ada35,David Aloyts,SPANISH,AAAS,2022,3.57,Adam Long,10020
ajl88,Andrew Lee,POLSCI,,2019,2.72,Agatha Almunir,23876
aem91,Audreya Metz,BIOLOGY,,2019,3.98,April Salama  M.D.,1461
ael43,Ameliah Leonhardt,POLSCI,BIOLOGY,2022,2.75,Dr Amy Alger  M.D.,8322
ach70,Aasha Henderson,SOCIOL,,2020,2.87,Andrew Davis,9789
aef35,Abby Franklin,ME,,2021,3.19,Amy Lark  M.D.,22203
anp36,Aaron Paskin,NEUROSCI,,2020,2.93,Avani Pendse,24372
amt58,Angela Tawfik,NURSING,,2019,3.52,Ashley Masters,22912
akh36,Aaron Hong,ECON,,2020,3.71,Dr Audey Veach,17911
amh89,Alyson Hoffman,POLSCI,,2019,2.93,Arnaud Maurel,24656
aef29,Ariel Friedman,BIOLOGY,SOCIOL,2021,3.47,Ayana Arce  Ph.D.,1461
adc72,Alex Cuozzo,ECE,,2021,3.62,Abdeslam Maghraoui  Ph.D.,17124
aks79,Kilpy Singer,ENVIRON,,2020,3.77,Amber Oberle  M.D.,13857
alv13,Addie Van Emon,PSY,,2022,3.07,Dr Andi Senter  M.D.,8766
ais31,Akib Sohel,COMPSCI,,2022,2.99,Prof Angel Harris  Ph.D.,2586
adm74,Alexander Marsh,NURSING,SOCIOL,2022,3.04,Alexandra Johnson  J.D.,22914
baa23,Benjamin Ayto,COMPSCI,,2020,3.71,Andi Stamper,2586
atf23,Alex Fonder,BME,,2019,3.39,Alexandra Johnson  J.D.,22675
amg73,Amanda Grittner,ECE,,2019,3.34,Andrew Coffey,17124
act47,Andrew Tran,NEUROSCI,,2019,3.66,Anita Disney  Ph.D.,24135
ajw83,Lexi Witherspoon,NURSING,,2022,3.65,Amanda Randles,22914
adp32,Anna Petterson,GERMAN,,2019,3.16,Dr Andrew Luhrs  M.D.,4764
ans85,Amber Scott,NEUROSCI,ECON,2022,3.23,Alan Jose  Ph.D.,24372
aea36,Alex Adams,BIOLOGY,,2022,3.77,Dr Anita Shivadas,24138
ajm70,Lexi Mendes,NURSING,,2019,3.67,Anne Johnson,22914
alc73,Alex Chen,FRENCH,,2019,3.56,Andrew Miller  Ph.D.,4422
ark51,Adam Katz,COMPSCI,VMS,2021,2.7,Adam Long,2586
arc88,Angella Chun,ENVIRON,BME,2019,3.21,Alexandra Tranvik,4062
aro19,Ade Owokoniran,ENGLISH,,2020,2.94,Alfredo Watkins,3824
ajw82,Annie Wang,NURSING,,2022,3.18,Arthur Champagne III  Ph.D.,22914
aab75,Adhish Bhobe,BME,,2020,3.99,Andrew Coates  Ph.D.,22675
akk45,Allyson Kros,NURSING,,2021,3.34,Andrew Lacroix  Ph.D.,22914
aks77,Annah Simmons,COMPSCI,,2021,3.25,Dr Alexey Mukhin  M.D.  Ph.D.,2586
awl14,Austin Li,CULANTH,,2021,3.13,Alexis Vreeland,1853
ate10,TJ Ewool,PUBPOL,,2020,3.97,Arlene Chung  M.D.,15348
amo36,Alexis Onsi,BIOLOGY,,2022,3.27,Amber Harkey,1461
akw38,Ashlyn Wahl,ME,STA,2020,2.57,Adam Tosh,19765
arw63,Alix Wilder,BME,EDUC,2022,3,Ann Collier  M.D.,22675
amt62,Andrew Tsai,ME,BIOLOGY,2022,2.75,Andrew Coates  Ph.D.,1461
alc99,Amanda Conti,SOCIOL,,2019,3.37,Andre Bell,9781
aak49,Amanda Keaney,NURSING,ECON,2021,2.6,Dr Alejandro Landa,22914
ags53,Amanda Stull,BIOLOGY,,2019,3.97,Adam Rosen,1461
agn21,Andrea Nunez,COMPSCI,ECE,2019,3.11,Dr Adrienne Inscoe  Ph.D.,2586
aem65,Allison Meyer,NURSING,,2021,3.59,Aileen Miller  M.D.,22912
afm32,Aidan McAllister,ME,CHEM,2021,3.44,Robert Calderbank  Ph.D.,2315
abb66,Alyson Barnes,NEUROSCI,,2020,3.67,Amelia B. Thompson  M.D.,24372
aws31,Adam Stanaland,PSY,SOCIOL,2021,2.71,Agatha Almunir,8766
ais30,Araad Fisher,BIOLOGY,BME,2019,3.03,Dr Alejandro Landa,1461
ali11,Avery Indermaur,POLSCI,,2020,3.21,Robert Calderbank  Ph.D.,23876
ajv21,Allyson Veile,ECE,,2021,3.47,Andrey Bortsov  M.D.  Ph.D.,17124
adb67,Adam Booth,PUBPOL,,2020,3.72,Dr Reggy Iranmanesh  M.D.,8048
aeb88,Ayo Balogun,NURSING,,2021,2.52,Anita Pisharody,22914
acr54,Andrew Rawlings,COMPSCI,PUBPOL,2019,2.98,Ashley Masters,2586
ahp13,Anand Patel,HISTORY,,2021,3.01,Andi Stamper,6792
aet31,Andres Taquechel,ECON,,2022,3,Alexandra Tranvik,5020
agb30,Alyssa Bernanke,BIOLOGY,,2021,3.01,Prof Anndal Narayanan  Ph.D.,1461
arc71,Aubrey Caplin,NURSING,BIOLOGY,2019,3.62,Ayana Arce  Ph.D.,22914
arb71,Amber Black,NURSING,NEUROSCI,2019,2.62,Albert La Spada  M.D.  Ph.D.,22914
abd30,Anders Dohlman,COMPSCI,,2019,2.96,Andrea Nackley,2586
ajw76,A.J. Whitney,STA,ECON,2019,3.07,Andi Stamper,1465
acf33,Ali Fredman,PSY,,2019,2.5,Dr Alexander Borun,8766
afs35,Anna Stephenson,HISTORY,,2022,3.02,Anne Marano,20823
aee15,Adam Enggasser,ECON,ECE,2022,3.66,Albert La Spada  M.D.  Ph.D.,17124
ald59,Andre Diniz,ECON,,2019,3.55,Amy Barto  M.D.,21369
ajl73,Avery Lail,SPANISH,BME,2019,2.78,Anna Smith,10025
aac55,Amey Chaware,HISTORY,ECE,2022,3.36,Prof Anndal Narayanan  Ph.D.,17124
aka34,Arianna Agostini,CEE,,2022,2.5,Amber Oberle  M.D.,16875
abh22,Brooke Hartley Moy,CHEM,,2021,3.8,Amy Barto  M.D.,2313
agh22,Anna-Karin Hess,ENVIRON,,2019,3.98,Dr Alejandro Landa,4062
abc49,Amy Cheng,NURSING,,2021,3.07,Anna Showalter,22914
afc24,Alice Chua,POLSCI,,2019,3.39,Michelle Hartman,8322
ajk74,Alexandra King,POLSCI,MUSIC,2021,3.59,Aya Fujimura-Fanselow  J.D.,8322
alt68,Amy Tucker,PUBPOL,,2022,3.18,Anne Emler  M.D.,25279
ahh26,Annabel Howell,CULANTH,,2020,3.82,Adam Williams,1854
alf32,Armoni Foster,COMPSCI,,2020,2.73,Abdeslam Maghraoui  Ph.D.,2586
akk36,Annie Kornack,BME,,2020,3.21,Andrew James,22675
anm46,Alice Moscicki,BIOLOGY,PUBPOL,2019,3.06,Anthony Fuller,1461
awc31,Austin Connors,PSY,,2022,3.24,Adrienne Koch,8766
aam86,Amina Mohamed,COMPSCI,BME,2022,2.97,Anuj Kapadia  Ph.D.,2586
adh55,Alexandria Hurley,ENVIRON,NURSING,2019,2.95,Dr Andi Senter  M.D.,23214
aaw39,Amanda Watts,BIOLOGY,,2021,2.59,Andrada Neacsiu  Ph.D.,1461
aww30,Allison Wu,ME,ENGLISH,2019,2.62,Andrew Miller  Ph.D.,3807
aks62,Anish Simhal,ECE,BIOLOGY,2022,3.27,Dr Axel Muhlbacher  Ph.D.,17124
acs93,Alexandra Sietsma,BME,,2022,3.32,Ashley Masters,22675
apl18,Abigail Leinroth,BME,,2019,3.89,Abdeslam Maghraoui  Ph.D.,22675
atc37,Anna Chang,POLSCI,,2021,3.67,Asheley Skinner  Ph.D.,8322
arg37,Allison Geary,NURSING,,2022,2.63,Aya Fujimura-Fanselow  J.D.,22914
agr25,Allison Raven,BME,EDUC,2021,3.87,Amanda Johnson  O.D.,22675
amg99,Ale Gomez,CHEM,,2021,3.32,Alan Rathe,2313
bac38,Bryan Czako,NURSING,,2020,3.38,Ara Wilson  Ph.D.,22912
aep47,Anya Parks,HISTORY,BIOLOGY,2019,3.13,Allen Gifford,1461
apk22,Aditi Kadmawala,BME,,2020,3.91,Amber Bowman  M.D.  Ph.D.,22675
arm85,Azalia Maul,VMS,,2021,3.68,Amanda Kumar  M.D.,14970
asc78,Anna Callahan,ECON,,2019,3.13,Ashley Moskovich,15262
aak44,Alysha Kamat,ECON,,2022,3.25,Dr Aurelio Alonso  D.D.S.  Ph.D.,7692
aea37,Annamarie Allen,ECE,ME,2021,3.02,Dr Alan Lee  Ph.D.,17124
ava14,Ashley Adams,ECON,,2020,3.01,Dr Amrit Gill,20130
awm27,Alexander McCumber,ECON,ENGLISH,2019,2.59,Amy Pastva  Ph.D.,3815
ant20,Alexandra Tan,PSY,,2022,3.43,Andrea Nackley,8766
atn13,August Ning,POLSCI,,2019,3.01,Daniel Guerron Cruz  M.D.,23876
ard44,Aayush Damani,COMPSCI,ENGLISH,2019,3.39,Dr Audey Veach,2586
ajp77,Drew Peterson,PUBPOL,ECON,2019,2.88,Anne Emler  M.D.,15348
afk12,Anna Klingensmith,PUBPOL,,2022,3.64,Ara Wilson  Ph.D.,22156
aee12,Antoine Esber,COMPSCI,,2019,2.77,April Salama  M.D.,2586
acn21,Amanda Ng,ECE,,2021,2.61,Amanda Kumar  M.D.,17428
ach44,Aedan Hannon,MATH,,2020,3.49,Anna R. Terry  M.D.,6875
adc62,Andrew Cuffe,NURSING,,2020,2.52,Dr Alex Watson  Ph.D.,22912
asm79,Samantha Messie,ECON,,2020,3.84,Aaron Lentz  M.D.,9150
awm21,Anson MacKinney,PJMS,,2019,2.55,Amber Harkey,16428
alw79,Amy Wikle,ECON,PUBPOL,2021,3.2,Amanda Randles,25279
ayc14,Alice Chen,POLSCI,ARTHIST,2022,2.78,Andrea Nackley,8322
ala21,Alex Antonia,PUBPOL,,2021,3.82,Dr Adia Ross,22156
alh93,Anna Holleman,ENGLISH,ME,2019,3.01,Dr Andy Kubinski,3807
agp17,Andres Perez,ECE,ENVIRON,2022,2.88,Amber Carr  Ph.D.,17428
ajg62,Alejandro Garcia Lozano,BME,,2020,3.79,Anthony Filiano  Ph.D.,22675
aah41,Adrienne Hawkes,ECE,,2021,2.7,Allen Gifford,17124
amw76,Ashley Wilson,CHEM,,2020,2.85,Dr Angela Tunno  Ph.D.,2315
ahc26,Aidan Combs,ECON,,2021,3.73,Ashley Moskovich,4764
amr81,Alannah Rivera-Cancel,PUBPOL,,2021,2.7,Anne Johnson,25279
aam33,Amalia Turner,BIOLOGY,ARTHIST,2021,3.33,Ann Reed  M.D.,24138
adr38,Adrian Rivas,ECE,,2021,3.01,Andrew West,17124
anj11,Ashley Jeffers,EDUC,PSY,2021,2.61,Alexandra Johnson  J.D.,3513
akh47,Adam Hufstetler,NEUROSCI,NURSING,2021,3.83,Andre' Jordan Jr,24135
afc27,Arabella Chen,HISTORY,EOS,2020,3.39,Robert Calderbank  Ph.D.,1465
ada42,Alana Agron,ME,,2022,3.38,Anne Magee,15531
ajc29,Andrew Carr,BME,,2022,3.73,Ajay Patel,22675
amn34,Austin Nobis,PSY,ECON,2021,3.73,Andrey Bortsov  M.D.  Ph.D.,8766
ant24,Avinash Tumkur,BIOLOGY,,2020,2.71,Alexandra Sutton Lawrence,1461
att11,Drei Ty,COMPSCI,,2019,2.74,Barbara Aldridge,2586
acb67,Aleah Bowie,PUBPOL,,2021,3.87,Avani Pendse,22156
aec41,Abby Clark,COMPSCI,,2021,3.83,Anna Smith,2586
akh19,Ali Horn,ECE,,2021,2.99,Dr Brittany Davidson,17124
akd12,Kyle Davidson,ECON,,2019,3.87,Aaron McKethan,22914
ach71,Annika Hsu,NURSING,COMPSCI,2020,3.74,Ashlee Stiles  Ph.D.,22914
bad29,BethAnne Dorn,PSY,ENVIRON,2020,3.99,Prof Aaron Pollack  Ph.D.,8769
ags42,Amelia Steinbach,ENVIRON,,2020,3.91,Dr Alex Watson  Ph.D.,13857
acm76,Amelia Meier,PUBPOL,EDUC,2019,2.79,Anne Johnson,25279
amn45,Ana Neri,PSY,ENVIRON,2022,3.32,Anne Marano,8766
all72,Abby Landry,THEATRST,SOCIOL,2020,3.48,Avani Pendse,3033
anr33,Arjun Ramesh,ECON,PUBPOL,2019,3.26,Audrey S Dickey  Ph.D.,15348
amf85,Amanda Fox,NEUROSCI,ECE,2022,2.96,Dr Reggy Iranmanesh  M.D.,24372
ajb91,Axel Berky,ME,,2022,3.23,Ashley Moskovich,13670
ark44,Avery Kralovetz,ECON,PSY,2019,2.68,Andrew Coates  Ph.D.,8769
ade17,Andy Esmond,ECE,,2022,3.91,Dr Adrienne Inscoe  Ph.D.,17428
acm94,Austin Maynor,NEUROSCI,PUBPOL,2021,3.37,Alan Jose  Ph.D.,24135
amr90,Alexis Reinbolt,PUBPOL,,2020,3.73,Anita Pisharody,25279
ame45,Andrew Elcock,SOCIOL,,2020,3.78,Andrada Neacsiu  Ph.D.,9789
ara47,Alexa Anderson,COMPSCI,,2020,3.7,Dr Angela Tunno  Ph.D.,2586
asf25,Alex Farrell,PUBPOL,,2020,3.26,Andrew West,15348
afc22,Aurora Cabrera,ME,,2020,3.55,Drew Hilton  Ph.D.,2965
anm39,Alex Martin,ECON,THEATRST,2019,3.88,Alison Klein  Ph.D.,3033
asb73,Allison Bloom,PSY,,2019,3.56,Archie Tyson  M.D.,8766
aks86,Alli Selman,EOS,CEE,2021,2.93,Alexis Vreeland,1465
acv20,Alex Vanko,PSY,,2022,2.6,Adriane Lentz-Smith  Ph.D.,8766
aka28,Andrea Ansari,CHEM,NURSING,2021,2.87,Alison Klein  Ph.D.,2315
acr50,Aidan Reilly,ECE,BIOLOGY,2020,3.33,Dr Amber Jarvis  M.D.,17124
aam62,Anna Merryman,COMPSCI,POLSCI,2019,3.67,Anne Emler  M.D.,2586
arc61,Amanda Carberry,BME,,2022,2.52,Amber Oberle  M.D.,22675
aer52,Arianna Rhue,ME,,2019,2.65,Dr Alexey Mukhin  M.D.  Ph.D.,10020
asb84,Ann Benson,ME,,2021,3.62,Daniel Guerron Cruz  M.D.,4932
agj12,Grace Romasko,BME,,2021,2.64,Arthur Champagne III  Ph.D.,22675
ars83,Alejandro Sevilla,BIOLOGY,NURSING,2020,2.69,Andi Stamper,24138
afk11,Audrey Kotick,PSY,,2019,3.13,Amber Oberle  M.D.,8769
amg80,Alli Grote,HISTORY,,2021,3.55,Alexandra Sutton Lawrence,9194
anc48,Alexa Cucopulos,ENVIRON,,2020,3.21,Dr Andy Kubinski,4062
aje22,AJ Eckmann,ECON,BME,2020,3.51,Angela Taylor,22675
abt23,Austin Talbot,ECON,ENVIRON,2019,3.92,Ahmad Jitan,22215
ale26,Alonso Espinosa,BME,,2021,3.13,Dr Anne West,22675
awg13,Alex Gerrese,POLSCI,,2019,3.56,Aya Fujimura-Fanselow  J.D.,23876
amv34,Akayla Vershay,SOCIOL,COMPSCI,2020,2.94,Andrea Udani  M.D.,9781
afs33,Allegra Smith,PSY,GERMAN,2021,2.58,Allison G Robertson  Ph.D.,8769
acg51,Alex Gourley,CULANTH,BIOLOGY,2022,3.27,Andrew James,1854
alr76,Andrew Raines,BME,,2019,3.02,Alan Jose  Ph.D.,22675
akd35,Alexi DeLara,ECON,PSY,2021,3.63,Dr Adia Ross,8766
agc35,Ayden Case,BME,CEE,2021,3.83,Andrew Davis,22675
acs98,Amanda Stern,PUBPOL,NURSING,2019,3.15,Dr Alejandro Landa,25279
ans71,Asael Salinas,NURSING,,2022,3.66,Amanda Randles,22914
alp58,Ally Perez,BIOLOGY,EDUC,2019,2.52,Adrienne Koch,1461
alj48,Alison Jacobs,NURSING,,2019,3.8,Mandy Wetsel  Ph.D.,22914
acj31,Alex Johnson,BIOLOGY,,2022,3.05,Albert La Spada  M.D.  Ph.D.,1461
art36,Autumn Tompkin,BIOLOGY,,2022,3.58,Dr Anne West,1461
awb27,Ashton Merck,EDUC,,2022,2.66,Allen Gifford,3511
ank26,Alissa Kirby,BME,,2019,2.61,Dr Anita Shivadas,22675
afa19,Alexander Anderson,NEUROSCI,PSY,2019,3.74,Abdeslam Maghraoui  Ph.D.,24135
aaw38,Alexander Wheatley,ECON,,2021,2.97,Andre Bell,19400
asw61,Aaron Wasser,BIOLOGY,,2022,3.21,Dr Andrew Luhrs  M.D.,24138
apm37,Andrew Middleton,BIOLOGY,,2022,2.66,Amelia B. Thompson  M.D.,1461
anl27,Alli Leiva,BME,,2020,3.21,Archie Tyson  M.D.,22675
asn24,Alisha Nayak,NURSING,,2021,2.61,Aaron Lentz  M.D.,22914
alj47,Austin Jia,NEUROSCI,,2022,3.56,Dr Aurelio Alonso  D.D.S.  Ph.D.,24372
aek44,Alex Karsten,BME,CHEM,2022,3.93,Ashley Masters,22675
aag43,Astrid Giblin,MATH,ENGLISH,2020,3.03,Prof Aaron Kay  Ph.D.,25707
ach79,Arielle Hooks,PUBPOL,,2020,2.83,Andrew Davis,22156
alw97,Alexis Wilsey,ECON,,2019,3.55,Daniel Guerron Cruz  M.D.,19023
ahs50,Allie Sinclair,STA,,2021,3.22,Dr Aparna Vaikunth,14567
agd33,Amanda Dixon,EDUC,,2020,3.46,Anne Emler  M.D.,3513
aak48,Ameera Khattab,CULANTH,,2020,3.01,Anthony Fuller,1853
ary13,Allison Young,HISTORY,,2021,2.6,Adam Rosen,4419
adm66,Andr̩ Mego,ECE,,2019,3.93,Dr Amy Alger  M.D.,17124
ajw71,Ashley Williams,BIOLOGY,,2022,3.5,Dr Axel Muhlbacher  Ph.D.,24138
adt25,Aaron Therien,ECON,,2022,3.11,Andy Bragg  Ph.D.,1854
amz26,Armand Zimmerman,SOCIOL,,2022,3.29,Anna R. Terry  M.D.,9781
arr54,Alma Rodriguez,ECE,BIOLOGY,2020,3.29,Dr Amy Alger  M.D.,17124
awh20,Andrew Hua,ECE,SOCIOL,2019,3.37,Albert La Spada  M.D.  Ph.D.,17124
aam98,Austin Mufengi,ME,,2019,3.98,Amber Oberle  M.D.,21967
apf22,Andrew Frank,BIOLOGY,,2020,3.14,Angel Peterchev  Ph.D.,1461
akd16,Abhishek Dubey,ECE,,2019,2.8,Dr Aparna Vaikunth,17124
act39,Anna Tybinko,BME,NEUROSCI,2019,3.67,Andrew Coates  Ph.D.,22675
adk30,Amelia Klitenic,ENGLISH,VMS,2021,2.68,Astrid Giugni,3824
ajk79,Alex Kroft,BIOLOGY,,2020,2.71,Dr Aparna Vaikunth,1461
apk21,Allie Kunstler,ECE,PUBPOL,2019,2.94,Archie Tyson  M.D.,17124
aos11,Andrew Slaughter,STA,,2020,3.93,Andre Bell,13956
ace19,Aaron Ebert,BIOLOGY,,2022,3.28,Angela Taylor,1461
aem94,Assaad Mrad,BIOLOGY,,2020,3.39,Dr Anita Shivadas,1461
agw32,Angela Wang,HISTORY,BIOLOGY,2022,3.26,Amy Lark  M.D.,24138
amo39,Afsana Oreen,ECON,ENVIRON,2022,2.96,Dr Anita Shivadas,22215
ajt36,Tony Teleky,MATH,,2020,2.55,Dr Anne West,6875
ark35,Alec Koss,CHEM,,2022,3.61,Dr Amrit Gill,2313
alw96,Adrianna Williams,ENVIRON,,2020,3.72,Albert La Spada  M.D.  Ph.D.,23214
ahn14,Amna Naseem,BME,,2021,3.36,Dr Brittany Davidson,22675
aew60,Andy Whiteley,COMPSCI,,2019,3.58,Adam Long,2586
alj52,Allison Jacobs,ME,BIOLOGY,2020,3.48,Ara Wilson  Ph.D.,1461
asj19,Anna Jenkins,COMPSCI,CHEM,2019,2.64,Amanda Johnson  O.D.,2586
ajo14,Andrew Oliver,BIOLOGY,,2020,2.74,Anita Disney  Ph.D.,1461
avh12,Asger Hansen,ECON,,2022,2.6,Amy Barto  M.D.,14970
ajr31,Andrew Rullan,NURSING,,2022,2.85,Adam Rosen,22912
amg89,Xander Gagnon,ECON,,2019,3.58,Ashley Jardina,25105
adb60,Andrew Bates,PUBPOL,,2022,3.2,Anuj Kapadia  Ph.D.,8048
anw39,Ashley Wittmer,NEUROSCI,,2022,3.4,Abdeslam Maghraoui  Ph.D.,24372
amk85,Alexandra Kunzle,BIOLOGY,,2020,2.57,Michelle Hartman,1461
alg90,Anna Gilpin,ME,PUBPOL,2022,3.31,Alexander Kirshner  Ph.D.,22156
adm86,Ashton Mays,COMPSCI,PSY,2020,2.89,Ara Wilson  Ph.D.,2586
agd26,Aaliyah Davy,BME,,2019,3.92,Amber Carr  Ph.D.,22675
ajg76,Jayde Green,ECON,,2021,3.02,Robert Calderbank  Ph.D.,6840
alw93,Alex White,ECON,,2021,2.8,Agatha Almunir,22215
abw53,Ashley Williams,ME,,2019,3.11,Alan Jose  Ph.D.,24914
anb65,Avia Bui,BIOLOGY,,2020,2.84,Amanda Kumar  M.D.,1461
afc26,Andrea Carmack,ENGLISH,,2021,3.96,Amanda Randles,3815
ack48,Andrea Kiely,CULANTH,,2021,2.77,Avani Pendse,1854
akl22,Andrew Lee,PUBPOL,,2022,3.78,Dr Reggy Iranmanesh  M.D.,15348
ats46,Alexandra Sentner,PUBPOL,,2020,3.63,Arnaud Maurel,15348
acl43,Aaron Lucander,PUBPOL,,2019,3.57,Anna R. Terry  M.D.,25279
aom11,Austin Maduka,NURSING,,2021,3.61,Prof Anndal Narayanan  Ph.D.,22912
acr36,Alice Reed,NURSING,,2021,3.01,Dr Andy Kubinski,22914
alr81,Alec Rotunda,CULANTH,NURSING,2022,3.82,Dr Amy Alger  M.D.,1860
acj26,Abby Judge,EOS,,2020,3.84,Anna Martin,10977
acs97,Anna Schwarzkopf,PUBPOL,,2019,3.55,Prof Angel Harris  Ph.D.,8048
aef42,Alessandra Ferrero,COMPSCI,,2022,3.43,Dr Alexey Mukhin  M.D.  Ph.D.,2586
anh42,Ashley Hare,ME,,2021,3.45,Alan Felton,20953
and43,Amy Dixon,BME,COMPSCI,2022,2.55,Amy Pastva  Ph.D.,22675
ama78,Alexa Alcalay,COMPSCI,,2021,3.78,Andrew James,2586
aeh56,Ali Gill,ME,,2021,2.98,Amy Stallings  M.D.,13076
amk96,Anne Klok,BIOLOGY,ENVIRON,2020,2.84,Dr Amber Jarvis  M.D.,24138
akp38,Anna Paschall,CULANTH,,2021,3.55,Aya Fujimura-Fanselow  J.D.,1853
adk35,Ashley King,NEUROSCI,,2020,3.77,Atalie Thompson,24135
aec58,Ariadna Chuaqui,BIOLOGY,,2021,3.5,Anita Disney  Ph.D.,1461
arw59,Audrey Wang,PHIL,,2020,2.64,Ashwin Machanavajjhala,7692
abw47,Adam Wilck,PHIL,,2022,3.16,Amy Barto  M.D.,7692
ark47,Ashley Kim,ECE,,2021,3.4,Amelia B. Thompson  M.D.,17124
amn40,Alyssa Nicholas,BIOLOGY,,2020,2.62,Amber Harkey,1461
abf16,Alexandra Farrell,BME,,2022,2.57,Ann Reed  M.D.,22675
act46,Allayne Thomas,CULANTH,,2021,3.32,Angel Peterchev  Ph.D.,1853
arl34,Andrew Levy,BIOLOGY,,2022,2.57,Ann Bradsher  M.D.,24138
ash79,Andres Hernandez Guerra,ECON,,2022,2.7,Alexandra Sutton Lawrence,25098
adn22,Andrew Nguyen,COMPSCI,,2019,3.65,Arlene Chung  M.D.,2586
amn46,Angela Nakauka-Ddamba,BME,,2022,3.36,Prof Alexander Kiselev  Ph.D.,22675
aep55,Anastasia Parafestas,PHIL,,2020,3.58,Andrew Coates  Ph.D.,7692
amr68,Arturo Reyes,NURSING,,2021,3.09,Dr Alexander Borun,22914
amp95,Angela Pisoni,BME,,2021,3.58,Audrey S Dickey  Ph.D.,22675
acm90,Angela McKinney,HISTORY,,2022,2.78,Amber Harkey,23350
ajr81,Drew Rosowicz,ECE,,2021,2.81,Amy Barto  M.D.,17124
afg14,Ann Gehan,NURSING,,2021,3.71,Ann Collier  M.D.,22914
ame50,Alexis Elder,PUBPOL,,2022,2.6,Ashley Moskovich,25279
ajw72,Ashley Wilson,BIOLOGY,,2022,2.55,Allen Gifford,1461
apm36,Ana Martinez,ME,PUBPOL,2022,3.63,Astrid Giugni,22156
bab99,Brendan Burg,ME,,2021,2.73,Andrew Armstrong  M.D.,4419
ava13,Ana Araujo,PUBPOL,BME,2019,3.33,Adam Rosenblatt,22156
aps54,Austin Story,BIOLOGY,,2019,3.16,Amanda Jimenez  D.O.,24138
agd18,Ania DeJoy,ME,,2020,3.39,Dr Adrienne Inscoe  Ph.D.,19374
abm48,Alexander McMullen,MATH,,2022,3.81,Alexandra Sutton Lawrence,6875
aba32,Abhishek Angadi,VMS,,2021,2.55,Ashley Arnold,20138
abc52,Angel Clark,NEUROSCI,,2020,3.82,Dr Alex Watson  Ph.D.,24135
apf18,Allison Florian,BME,,2021,3.44,Audrey S Dickey  Ph.D.,22675
acs80,Adryanna Smith,AAAS,,2020,2.95,Atalie Thompson,82
ajl62,Alex Lichtl,BIOLOGY,,2021,3.59,Prof Anndal Narayanan  Ph.D.,1461
bac45,Bernard Coles IV,ECON,,2020,3.08,Dr Angela Chavez,5800
ame36,Audrey Ellis,ECON,,2022,3.47,Anuj Kapadia  Ph.D.,20906
atw20,Amber Wolf,NURSING,COMPSCI,2021,2.57,Amber Bowman  M.D.  Ph.D.,22912
aac57,Alan Cohen Broitman,MATH,BME,2022,2.68,Ashley Masters,25707
afd10,Annie Dempsey,ENGLISH,,2021,3.86,Andrew James,3815
ace29,Semi Elumaro,ECON,,2022,3.78,Anthony Viera  M.D.,23338
ahk22,Alek Kemeny,SOCIOL,,2019,3.02,Andrada Neacsiu  Ph.D.,9789
akh21,Allison Hamm,NURSING,,2019,3.01,Andrew James,22914
atb39,Austin Brumbaugh,PSY,,2021,3.23,Ann Collier  M.D.,8766
aro13,Amber-Leigh Orth,BME,ME,2020,3.51,Audrey S Dickey  Ph.D.,22675
arp59,Alexander Pierson,PSY,,2022,3.15,Dr Alejandro Landa,8766
ath27,Alfred Harding,BME,,2021,3.91,Ann Bradsher  M.D.,22675
afs34,Alexander Saba,ECON,,2020,2.94,Anne Marano,23288
ajw50,Amy Wisdom,ECON,,2020,2.72,Andrew Coates  Ph.D.,964
ars94,Amanda Schwartz,ECON,NEUROSCI,2020,3.32,Anna Jacob  Ph.D.,24372
arj37,Akshay Jituri,NURSING,,2022,3.68,Andrew Landstrom  M.D.,22912
aek42,Andrea Kropp,BIOLOGY,,2021,3.04,Adam Rosenblatt,1461
aml94,Anysia Lee,ENVIRON,BME,2022,3.24,Amber Oberle  M.D.,13857
aaw44,Alexus Wells,PSY,ECON,2021,3.8,Ashley Arnold,8766
asl49,Aaron Lowe,COMPSCI,BME,2020,3.55,Akida Yates,2586
ana24,Alexandra Allen,PSY,,2019,3.02,Amber Oberle  M.D.,8766
aga16,Alexis Almeida,PUBPOL,NURSING,2019,2.62,Abdeslam Maghraoui  Ph.D.,8048
aks64,Ali Soyupak,PUBPOL,,2020,2.56,Amber Oberle  M.D.,15348
ajd66,Achilles Dabrowski,PUBPOL,,2022,2.52,Amanda Eudy,15348
akb53,Amber Brown,NURSING,SOCIOL,2021,2.85,Andrea Bailey,22914
ahf11,Avery Fulford,HISTORY,PUBPOL,2022,3.33,Andrew Coates  Ph.D.,15348
aem81,Aiden Muhr,BIOLOGY,HISTORY,2019,3.56,Alan Rathe,1461
aaa75,Ahmad Amireh,NURSING,,2021,3.41,Adriane Lentz-Smith  Ph.D.,22914
amg33,Alyssa Granacki,BIOLOGY,ECE,2020,2.95,Benjamin Alman  M.D.,1461
asr35,Alexander Roesler,POLSCI,PSY,2022,3.77,Angela Taylor,24656
avd13,Aaron Diebold,COMPSCI,VMS,2022,2.64,Dr Aparna Vaikunth,2586
anr41,Amanda Rossillo,COMPSCI,,2021,3.66,Dr Anita Shivadas,2586
ahw26,Luiza Wolf,VMS,ECON,2020,2.79,Anthony Filiano  Ph.D.,19765
acs99,Aaron Cooper Slutkin,BME,ECON,2019,2.83,Archie Tyson  M.D.,22675
asb42,Aman Bali,NEUROSCI,NURSING,2019,2.56,Adam Williams,24372
aja48,Andrew Arden,ECE,ECON,2021,3.85,Allison G Robertson  Ph.D.,17124
aah52,Andra Hutton,LINGUIST,,2020,3.01,Anne Magee,21412
agc33,Anthony Cardellini,SOCIOL,EDUC,2020,2.74,Alexandra Johnson  J.D.,9781
ajc74,Adrian Chamdani,EOS,,2019,2.76,Ashley Hobson,16036
aww28,Alex Weck,ECON,,2021,3,Dr Alyssa Krueger,14971
agc14,Alexander Chamessian,SOCIOL,,2021,2.65,Amelia B. Thompson  M.D.,9781
ajr74,Asa Royal,PUBPOL,BIOLOGY,2020,3,Amy Lark  M.D.,15348
asc57,Ajenai Clemmons,BIOLOGY,,2019,3.29,Amber Oberle  M.D.,1461
adb76,Amanda Braaten,PUBPOL,ECON,2021,3.97,Allen Gifford,15348
aps55,Drew Smith,COMPSCI,ENVIRON,2019,3.55,Allison G Robertson  Ph.D.,2586
asg43,Aayush Goradia,POLSCI,PSY,2021,2.88,Amelia B. Thompson  M.D.,23876
acr53,Abbey Robinson,ECON,,2021,3.62,Ann Collier  M.D.,23204
aak47,Allison Killea,ECON,,2019,2.8,Audrey S Dickey  Ph.D.,13076
aem93,Abbey McNaughton,BIOLOGY,,2022,2.58,Amanda Eudy,1461
aef44,Amy Fredette,MATH,CHEM,2021,3.32,Dr Alan Lee  Ph.D.,25707
ama90,Armani Abreu,EDUC,,2020,3.92,Prof Aaron Kay  Ph.D.,3513
asf45,Amanda Stephanie Farrell,BIOLOGY,PSY,2021,3.86,Anita Disney  Ph.D.,1461
aek43,Amy King,PSY,,2021,2.89,Amanda Johnson  O.D.,8766
acw60,Aaron Williams,NURSING,PSY,2022,2.59,Amber Harkey,22912
aww29,Amanda Weiland,STA,MATH,2020,3.73,Anna Smith,25707
arl48,Antonio LoPiano,STA,,2019,3.01,Anthony Fuller,15262
aps59,Ansh Shah,ECE,,2021,3.88,Dr Brittany Davidson,17124
aan18,Alexis Nelson,ME,NURSING,2019,2.65,Dr Anne West,22912
acj34,Amelia Johnson,ECE,NURSING,2019,3.79,Amanda Johnson  O.D.,17124
ajh66,Alex Hish,HISTORY,BIOLOGY,2019,2.91,Amy Lark  M.D.,24138
ame49,Andrea Escobar,BME,BIOLOGY,2020,3.3,Dr Alejandro Landa,22675
aeg48,Anna Go,MATH,COMPSCI,2022,3.06,Ara Wilson  Ph.D.,25707
adg51,Arti Gulwadi,PHIL,,2022,3.62,Ashley Masters,7694
anr45,Natalia Rivadeneyra,BME,ME,2020,3.67,Alan Felton,22675
asr28,Aaron Reuben,ECE,ECON,2019,3.38,Aaron McKethan,17428
ajc85,Alyssa Cleveland,ECE,,2019,3.88,Drew Hilton  Ph.D.,17124
atb47,Alex Bartholomew,STA,BME,2019,3.96,Aaron Lentz  M.D.,22675
ajp61,Alex Paulenich,NURSING,,2020,3.27,Arnaud Maurel,22914
aaj23,Allie Jones,BIOLOGY,,2019,3.22,Alison Klein  Ph.D.,24138
aem82,Ashley Meuser,NURSING,,2019,2.64,Dr Aparna Vaikunth,22912
aeb94,Anne Barnes,NURSING,,2019,2.96,Arnaud Maurel,22914
ahf12,August Frechette,BME,,2019,3.46,Ara Wilson  Ph.D.,22675
ant27,Ahmad Tejan-Sie,PUBPOL,,2020,3.26,Adam Rosen,22156
aec53,Amanda Carrington,ECON,NEUROSCI,2019,3.94,Arnaud Maurel,24135
akb54,Adam Bock,HISTORY,NEUROSCI,2019,3.74,Drew Hilton  Ph.D.,24135
abm43,Aoife McGirl,BIOLOGY,,2021,3.81,Alexandra Sutton Lawrence,24138
and24,Amelia Davis,COMPSCI,,2021,3.99,Dr Audey Veach,2586
atb28,Adam Bullock,POLSCI,BIOLOGY,2019,3.64,Ann Reed  M.D.,8322
aph40,Allison Henry,PSY,,2021,2.54,Amy Kern  Ed.D.,8769
alk42,Alister Kuehn,BIOLOGY,CULANTH,2020,3.76,Adam Rosen,1461
asc69,Allan Chen,PUBPOL,,2020,3.86,Aya Fujimura-Fanselow  J.D.,15348
afj11,Amari Jones,PSY,,2021,2.88,Prof Aaron Kay  Ph.D.,8766
aam79,Alejandro Meza,PUBPOL,,2019,2.7,Anuj Kapadia  Ph.D.,25279
ags40,Alex Salas,PUBPOL,NURSING,2020,3.42,Dr Adia Ross,25279
ask59,Arthi Kozhumam,POLSCI,,2019,2.81,Anthony Filiano  Ph.D.,8322
aan16,Abby Nacional,ECON,,2021,2.94,Prof Aaron Kay  Ph.D.,18276