number,term,professor,department
64,2017 Fall Term,Lamonte Aidoo,AAAS
64,2018 Fall Term,Lamonte Aidoo,AAAS
64,2019 Spring Term,Lamonte Aidoo,AAAS
81,2017 Fall Term,Charmaine D Royal William A Darity,AAAS
81,2018 Fall Term,Jasmine Nicole Cobb,AAAS
81,2018 Spring Term,Mark A Neal,AAAS
81,2019 Spring Term,Wahneema Lubiano,LIT
82,2017 Fall Term,Charles D Piot,AAAS
82,2018 Fall Term,Samuel F Daly,AAAS
82,2018 Spring Term,Stephen William Smith,AAAS
82,2019 Spring Term,Anne-Maria B Makhulu Samuel F Daly,AAAS
210,2018 Fall Term,Russell E Richey,AMXTIAN
210,2019 Spring Term,Russell E Richey,AMXTIAN
513,2018 Spring Term,Cheikh Saadbouh Cheikh Abdi Vall,ARABIC
513,2019 Spring Term,Maha Houssami,ARABIC
529,2018 Fall Term,Edward Triplett,ARTHIST
529,2018 Spring Term,Maurizio Forte,ARTHIST
529,2019 Spring Term,Kristin L Huffman,ARTHIST
964,2017 Fall Term,William Bamberger,ARTSVIS
964,2018 Fall Term,William Bamberger,ARTSVIS
1004,2017 Fall Term,Andrea R. Callies Chadrick Richardson Jody Ross Wood Leia Teresa Wright,AEROSCI
1004,2018 Fall Term,Andrea R. Callies Jody Ross Wood Leia Teresa Wright,AEROSCI
1004,2018 Spring Term,Andrea R. Callies Jody Ross Wood Leia Teresa Wright,AEROSCI
1004,2019 Spring Term,Andrea R. Callies Jody Ross Wood Leia Teresa Wright,AEROSCI
1006,2017 Fall Term,Jody Ross Wood Leia Teresa Wright,AEROSCI
1006,2018 Fall Term,Jesse Warner Hunt Jody Ross Wood Leia Teresa Wright,AEROSCI
1282,2019 Spring Term,Robert L Winkler,BA
1397,2018 Spring Term,David C Richardson Jane S Richardson,SBB
1397,2019 Spring Term,David C Richardson Jane S Richardson,SBB
1399,2017 Fall Term,Brian E Coggins,BIOCHEM
1399,2018 Fall Term,Brian E Coggins,BIOCHEM
1403,2017 Fall Term,Pei Zhou,SBB
1403,2018 Fall Term,Pei Zhou,SBB
1406,2018 Spring Term,Kathryn Meyer,CELLBIO
1406,2019 Spring Term,Kathryn Meyer,CELLBIO
1410,2017 Fall Term,Terrence G Oas,SBB
1410,2018 Fall Term,Terrence G Oas,SBB
1424,2019 Spring Term,David E Goatley,BCS
1461,2017 Fall Term,Devyn Gillette Vanessa Marie Punal,BIOLOGY
1461,2018 Fall Term,Daniele Armaleo,BIOLOGY
1461,2018 Spring Term,Stephen Nowicki,BIOLOGY
1461,2019 Spring Term,Daniele Armaleo,BIOLOGY
1465,2017 Fall Term,Alexander Glass,EOS
1465,2018 Fall Term,Alexander Glass,EOS
1465,2018 Spring Term,Alexander Glass,EOS
1465,2019 Spring Term,Alexander Glass,EOS
1853,2017 Fall Term,Staff,CULANTH
1853,2018 Fall Term,Jere (Jay) William Hammond,CULANTH
1853,2018 Spring Term,Stephanie J Friede,CULANTH
1853,2019 Spring Term,Matthew Ryan Sebastian,CULANTH
1854,2018 Fall Term,Joshua B Friedman,CULANTH
1854,2018 Spring Term,Joshua B Friedman,CULANTH
1860,2018 Spring Term,Orin Starn,ICS
1860,2019 Spring Term,Orin Starn,ICS
1876,2018 Fall Term,Edward E Timke,LINGUIST
2041,2018 Spring Term,Emma R Jakoi,CELLBIO
2041,2019 Spring Term,Staff,CELLBIO
2046,2017 Fall Term,Marc G Caron,CELLBIO
2046,2018 Fall Term,Marc G Caron,CELLBIO
2046,2018 Spring Term,Catherine Bowes Rickman,CELLBIO
2046,2019 Spring Term,Catherine Bowes Rickman,CELLBIO
2313,2019 Spring Term,Emily Derbyshire,CHEM
2315,2018 Fall Term,Dewey G McCafferty,CHEM
2315,2018 Spring Term,Dewey G McCafferty,CHEM
2523,2017 Fall Term,Meghan F Benson,CHURMIN
2523,2018 Fall Term,Meghan F Benson,CHURMIN
2523,2018 Spring Term,Meghan F Benson Sonja H Tilley,CHURMIN
2523,2019 Spring Term,Meghan F Benson Nohemi Ramirez,CHURMIN
2586,2018 Fall Term,Susan H Rodger,COMPSCI
2586,2018 Spring Term,Susan H Rodger,COMPSCI
2586,2019 Spring Term,Susan H Rodger,COMPSCI
2728,2018 Spring Term,Maurizio Forte,CLST
2728,2019 Spring Term,Jose M. Gonzalez,CLST
2759,2018 Fall Term,Kyle A Jazwa,CLST
2945,2017 Fall Term,Keval K Khalsa,DANCE
2945,2018 Fall Term,Keval K Khalsa,DANCE
2945,2018 Spring Term,Keval K Khalsa,DANCE
2945,2019 Spring Term,Keval K Khalsa,DANCE
2965,2018 Fall Term,Sarah M Wilbur,DANCE
2974,2018 Fall Term,Andrea E Woods Valdes,DANCE
2974,2018 Spring Term,Andrea E Woods Valdes,DANCE
3033,2018 Spring Term,Kristen D Marks,THEATRST
3033,2019 Spring Term,Brad Rogers,THEATRST
3511,2018 Spring Term,Nyote Calixte,EDUC
3511,2019 Spring Term,David Michael Malone,EDUC
3513,2017 Fall Term,Amy Anderson,EDUC
3513,2018 Fall Term,Amy Anderson,EDUC
3513,2018 Spring Term,Amy Anderson,EDUC
3513,2019 Spring Term,Amy Anderson,EDUC
3740,2017 Fall Term,Katharine M Amato,EGRMGMT
3740,2018 Fall Term,Anthony O'Driscoll,EGRMGMT
3743,2017 Fall Term,Edward McDowell Marshall,MENG
3743,2018 Fall Term,Edward McDowell Marshall,MENG
3743,2018 Spring Term,Theodore G Ryan,MENG
3743,2019 Spring Term,Theodore G Ryan,MENG
3752,2018 Spring Term,Staff,EGR
3807,2017 Fall Term,Nora Irene Nunn,ENGLISH
3807,2018 Fall Term,Joshua Gibbons Striker,ENGLISH
3807,2018 Spring Term,Robert William Tate,ENGLISH
3807,2019 Spring Term,Kathleen Megan Burns,ENGLISH
3815,2017 Fall Term,Judith G Ruderman,ENGLISH
3815,2018 Fall Term,Astrid A Giugni,ENGLISH
3815,2018 Spring Term,Astrid A Giugni,ENGLISH
3815,2019 Spring Term,Taylor H Black,ENGLISH
3824,2017 Fall Term,Cathy E Shuman,ENGLISH
3824,2018 Fall Term,Carol F Fox,ENGLISH
3824,2018 Spring Term,Melissa Malouf,ENGLISH
3824,2019 Spring Term,Brenna Casey,ENGLISH
3845,2017 Fall Term,Markos Hadjioannou,LIT
3845,2018 Fall Term,Lisa M McCarty,LIT
3845,2018 Spring Term,Lisa M McCarty,LIT
4062,2017 Fall Term,Prasad S Kasibhatla,ENVIRON
4062,2018 Fall Term,Prasad S Kasibhatla,ENVIRON
4062,2018 Spring Term,David E Hinton,ENVIRON
4062,2019 Spring Term,Logan Natalie O'Laughlin,ENVIRON
4278,2017 Fall Term,Brad Thie,FIELDEDU
4278,2018 Fall Term,Brad Thie,FIELDEDU
4278,2018 Spring Term,Brad Thie,FIELDEDU
4278,2019 Spring Term,Brad Thie Cheryl L Parker,FIELDEDU
4417,2017 Fall Term,Suzanne Le Men,FRENCH
4417,2018 Fall Term,Marie Natacha Boum-Biyong,FRENCH
4417,2018 Spring Term,Germain Choffart,FRENCH
4417,2019 Spring Term,Departmental Staff,FRENCH
4419,2017 Fall Term,Karine Provot,FRENCH
4419,2018 Fall Term,Karine Provot,FRENCH
4419,2018 Spring Term,Sandra L Valnes Quammen Suzanne Le Men,FRENCH
4419,2019 Spring Term,Departmental Staff,FRENCH
4422,2018 Spring Term,Sandra L Valnes Quammen,FRENCH
4422,2019 Spring Term,Departmental Staff,FRENCH
4764,2017 Fall Term,John Andrew Jolly,GERMAN
4764,2018 Fall Term,Michael Malloy,GERMAN
4764,2018 Spring Term,April Henry,GERMAN
4764,2019 Spring Term,Departmental Staff,GERMAN
4766,2017 Fall Term,Beth Anne Dorn,GERMAN
4766,2018 Fall Term,Edana Kleinhans,GERMAN
4766,2018 Spring Term,John Andrew Jolly,GERMAN
4766,2019 Spring Term,Staff,GERMAN
4771,2018 Fall Term,Staff,GERMAN
4771,2019 Spring Term,Susanne C Freytag,GERMAN
4773,2017 Fall Term,Kata Gellen,GERMAN
4773,2018 Fall Term,Kata Gellen,GERMAN
4925,2017 Fall Term,William A Johnson,GREEK
4925,2018 Fall Term,Clinton Douglas Kinkade,GREEK
4926,2018 Spring Term,William A Johnson,GREEK
4926,2019 Spring Term,Clinton Douglas Kinkade,GREEK
4932,2017 Fall Term,Claire E Catenaccio,GREEK
4932,2018 Fall Term,Claire E Catenaccio,GREEK
5020,2017 Fall Term,Suzanne E Shanahan,HOUSECS
5020,2018 Fall Term,Rebecca Steorts,HOUSECS
5020,2018 Spring Term,George L Grody,HOUSECS
5020,2019 Spring Term,Laura S Lieber,HOUSECS
5026,2017 Fall Term,Candace Brown,HUMANDEV
5026,2018 Fall Term,Pamela Maxson,HUMANDEV
5026,2018 Spring Term,Pamela Maxson,HUMANDEV
5026,2019 Spring Term,Pamela Maxson,HUMANDEV
5027,2018 Spring Term,Deborah Gold,HUMANDEV
5027,2019 Spring Term,Deborah Gold,HUMANDEV
5028,2017 Fall Term,Deborah Gold,HUMANDEV
5028,2018 Fall Term,Deborah Gold,HUMANDEV
5028,2018 Spring Term,Deborah Gold,HUMANDEV
5028,2019 Spring Term,Deborah Gold,HUMANDEV
5029,2018 Spring Term,Kathryn Gustafson,HUMANDEV
5029,2019 Spring Term,Kathryn Gustafson,HUMANDEV
5030,2017 Fall Term,Deborah Gold,HUMANDEV
5030,2018 Fall Term,Deborah Gold,HUMANDEV
5030,2018 Spring Term,Deborah Gold,HUMANDEV
5030,2019 Spring Term,Deborah Gold,HUMANDEV
5033,2017 Fall Term,Shelli Plesser,HEBREW
5033,2018 Fall Term,Shelli Plesser,HEBREW
5237,2017 Fall Term,Christina Davidson,LATAMER
5237,2018 Fall Term,Jocelyn H Olcott,LATAMER
5577,2017 Fall Term,Sujin Sujin Pak,HISTTHEO
5687,2017 Fall Term,Weiguo Zhang,IMMUNOL
5687,2018 Fall Term,Weiguo Zhang,IMMUNOL
5716,2017 Fall Term,Laura P Casa,ITALIAN
5716,2018 Fall Term,Lorenza Starace V,ITALIAN
5716,2018 Spring Term,Laura Jean Martell,ITALIAN
5716,2019 Spring Term,Departmental Staff,ITALIAN
5718,2017 Fall Term,Staff,ITALIAN
5718,2018 Fall Term,Laura P Casa,ITALIAN
5718,2018 Spring Term,Laura P Casa,ITALIAN
5718,2019 Spring Term,Departmental Staff,ITALIAN
5720,2017 Fall Term,Barbara Castaldo,ITALIAN
5720,2018 Fall Term,Barbara Castaldo,ITALIAN
5720,2018 Spring Term,Departmental Staff,ITALIAN
5796,2018 Spring Term,Azusa Saito,JPN
5796,2019 Spring Term,Azusa Saito,JPN
5800,2017 Fall Term,Azusa Saito,JPN
5800,2018 Fall Term,Azusa Saito,JPN
5826,2017 Fall Term,Eunyoung Kim,KOREAN
5826,2018 Fall Term,Hae-Young Kim,KOREAN
5832,2017 Fall Term,Rex Crews,LATIN
5832,2018 Fall Term,Laura E Camp,LATIN
5833,2018 Spring Term,Rex Crews,LATIN
5833,2019 Spring Term,Courtney Michelle Monahan,LATIN
5836,2017 Fall Term,Courtney Michelle Monahan,LATIN
5836,2018 Fall Term,Adrian Carl Linden-High,LATIN
5836,2018 Spring Term,David W.F. Stifler,LATIN
5901,2017 Fall Term,Margaret H Lemos,LAW
5901,2018 Fall Term,Trina Jones,LAW
5902,2017 Fall Term,Neil S Siegel,LAW
5902,2018 Fall Term,Ernest A Young,LAW
5903,2017 Fall Term,Gaurang Mitu Gulati,LAW
5903,2018 Fall Term,John C Weistart,LAW
5904,2017 Fall Term,Sara Sun Beale,LAW
5904,2018 Fall Term,Samuel W Buell,LAW
6298,2017 Fall Term,Lamonte Aidoo,LIT
6298,2018 Fall Term,Michael P Hardt,LIT
6298,2018 Spring Term,Martin G Eisner,LIT
6298,2019 Spring Term,Lamonte Aidoo,LIT
6495,2017 Fall Term,Naomi Kraut,MAT
6495,2018 Fall Term,Naomi Kraut,MAT
6496,2018 Spring Term,Naomi Kraut,MAT
6496,2019 Spring Term,Naomi Kraut,MAT
6503,2017 Fall Term,Terrence G Oas,SBB
6503,2018 Spring Term,Terrence G Oas,SBB
6609,2018 Fall Term,Edward Triplett,MEDREN
6609,2018 Spring Term,Martin G Eisner,MEDREN
6792,2017 Fall Term,Steven A Hicks,MMS
6792,2018 Fall Term,Steven A Hicks,MMS
6792,2018 Spring Term,George L Grody,MMS
6792,2019 Spring Term,George L Grody,MMS
6793,2018 Spring Term,Chien-Jung L Lin,MMS
6793,2019 Spring Term,Chien-Jung L Lin,MMS
6839,2017 Fall Term,Michael D Alch Rachelle M Macon Theodore K Pabo,MILITSCI
6839,2018 Fall Term,Michael D Alch Rachelle M Macon,MILITSCI
6839,2018 Spring Term,Staff,MILITSCI
6840,2018 Spring Term,Michael D Alch Rachelle M Macon Theodore K Pabo,MILITSCI
6840,2019 Spring Term,Michael D Alch Rachelle M Macon,MILITSCI
6875,2017 Fall Term,Hubert Bray,MATH
6875,2018 Fall Term,Lenhard L Ng,MATH
6875,2018 Spring Term,Michael C Reed,MATH
6875,2019 Spring Term,Marc Ryser,MATH
7019,2017 Fall Term,Harry L Davidson,MUSIC
7019,2018 Fall Term,Harry L Davidson,MUSIC
7019,2018 Spring Term,Harry L Davidson,MUSIC
7019,2019 Spring Term,Harry L Davidson,MUSIC
7253,2017 Fall Term,Christopher Lance Thumen,NAVALSCI
7253,2018 Fall Term,Christopher Lance Thumen,NAVALSCI
7258,2018 Spring Term,Christopher Lance Thumen,NAVALSCI
7258,2019 Spring Term,Christopher Lance Thumen,NAVALSCI
7269,2019 Spring Term,Barry J Morris,NAVALSCI
7274,2018 Spring Term,Barry J Morris,NAVALSCI
7276,2017 Fall Term,Ian Nelson Mills,NEWTEST
7276,2018 Fall Term,Ian Nelson Mills,NEWTEST
7276,2018 Spring Term,Ian Nelson Mills,NEWTEST
7276,2019 Spring Term,Ian Nelson Mills,NEWTEST
7453,2017 Fall Term,Katrina Marie Schaafsma,OLDTEST
7453,2018 Fall Term,Allison K Hamm,OLDTEST
7453,2018 Spring Term,Katrina Marie Schaafsma,OLDTEST
7453,2019 Spring Term,Allison K Hamm,OLDTEST
7507,2018 Fall Term,Margaret J Holton,PASTCARE
7507,2019 Spring Term,Margaret J Holton,PASTCARE
7528,2017 Fall Term,Matthew Floding,CPE
7528,2018 Fall Term,Matthew Floding,CPE
7528,2018 Spring Term,Matthew Floding,CPE
7528,2019 Spring Term,Matthew Floding,CPE
7529,2017 Fall Term,Matthew Floding,CPE
7529,2018 Fall Term,Matthew Floding,CPE
7529,2018 Spring Term,Matthew Floding Rhonda R Parker,CPE
7529,2019 Spring Term,Matthew Floding,CPE
7550,2017 Fall Term,Sheri Branson,PHYSEDU
7550,2018 Fall Term,Sheri Branson,PHYSEDU
7550,2018 Spring Term,Kim N. McNally,PHYSEDU
7550,2019 Spring Term,Sheri Branson,PHYSEDU
7596,2017 Fall Term,Maria Finnegan,PHYSEDU
7596,2018 Spring Term,Sheri Branson,PHYSEDU
7625,2017 Fall Term,Shahla Adel,PERSIAN
7625,2018 Fall Term,Shahla Adel,PERSIAN
7627,2017 Fall Term,Fattaneh V Naeymi-Rad,PERSIAN
7627,2018 Fall Term,Shahla Adel,PERSIAN
7692,2017 Fall Term,Alexander Rosenberg Hannah Catherine Read Robert Charles Bingle,PHIL
7692,2018 Fall Term,Alexander Rosenberg,PHIL
7692,2018 Spring Term,Alexander Rosenberg,PHIL
7692,2019 Spring Term,Alexander Rosenberg,PHIL
7694,2017 Fall Term,Joseph Richard Nelson,PHIL
7694,2018 Fall Term,Staff,PHIL
7694,2018 Spring Term,Lauren M Bunch,PHIL
7694,2019 Spring Term,Hannah Abigail Bondurant,PHIL
7697,2017 Fall Term,David Wong,PHIL
7697,2018 Fall Term,David Wong,PHIL
7788,2017 Fall Term,Rochelle D Schwartz-Bloom Satyanarayana Achanta,PHARM
7788,2018 Fall Term,Jessica K Sawyer Rochelle D Schwartz-Bloom,PHARM
7789,2018 Spring Term,Cynthia M Kuhn,PHARM
7789,2019 Spring Term,Cynthia M Kuhn,PHARM
7796,2017 Fall Term,Theodore A Slotkin,MOLCAN
7796,2018 Fall Term,Theodore A Slotkin,MOLCAN
7872,2017 Fall Term,Christopher Walter,PHYSICS
7872,2018 Fall Term,Christopher Walter,PHYSICS
7884,2017 Fall Term,Ronen M Plesser,PHYSICS
7884,2018 Fall Term,Ronen M Plesser,PHYSICS
7906,2018 Fall Term,Staff,NCS
7906,2019 Spring Term,Lawrence N Virgin,NCS
7974,2017 Fall Term,Paulina M Duda,POLISH
7974,2018 Fall Term,Paulina M Duda,POLISH
7975,2018 Spring Term,Paulina M Duda,POLISH
7975,2019 Spring Term,Beth Holmgren Paulina M Duda,POLISH
7979,2017 Fall Term,Paulina M Duda,POLISH
7980,2018 Spring Term,Staff,POLISH
8048,2017 Fall Term,Christy Lohr Sapp Laura S Lieber,PUBPOL
8062,2017 Fall Term,Gary Hawkins,VMS
8062,2018 Fall Term,Gary Hawkins,VMS
8062,2018 Spring Term,Gary Hawkins,VMS
8062,2019 Spring Term,Gary Hawkins,VMS
8322,2017 Fall Term,Astrid A Giugni,POLSCI
8322,2018 Fall Term,Astrid A Giugni,POLSCI
8322,2018 Spring Term,Artur-Or Honig,POLSCI
8322,2019 Spring Term,Abdeslam E M Maghraoui,POLSCI
8766,2017 Fall Term,Robert J Thompson,PSY
8766,2018 Fall Term,Robert J Thompson,PSY
8766,2018 Spring Term,Robert J Thompson,PSY
8766,2019 Spring Term,Robert J Thompson,PSY
8769,2018 Spring Term,William Michael Tomasello Wouter Wolf,PSY
8769,2019 Spring Term,Margarita Svetlova,PSY
9129,2017 Fall Term,Magda Silva Marcelo Simoes Nogueira,PORTUGUE
9129,2018 Fall Term,Magda Silva,PORTUGUE
9131,2018 Spring Term,Magda Silva Marcelo Simoes Nogueira,PORTUGUE
9131,2019 Spring Term,Magda Silva,PORTUGUE
9150,2017 Fall Term,Laura P Hale,PATHOL
9150,2018 Fall Term,Amy L McNulty Laura P Hale,PATHOL
9150,2018 Spring Term,Laura P Hale,PATHOL
9150,2019 Spring Term,Laura P Hale,PATHOL
9194,2018 Fall Term,Michael Remedios Grigoni,RELIGION
9194,2018 Spring Term,Joshua B Friedman,RELIGION
9576,2017 Fall Term,Joanne Van Tuyl Marina Miroshnikov,RUSSIAN
9576,2018 Fall Term,Joanne Van Tuyl,RUSSIAN
9579,2018 Spring Term,Elena Koshkarova Joanne Van Tuyl,RUSSIAN
9579,2019 Spring Term,Joanne Van Tuyl,RUSSIAN
9586,2017 Fall Term,Carol Apollonio,RUSSIAN
9586,2018 Fall Term,Carol Apollonio,RUSSIAN
9586,2018 Spring Term,Johanna (Jody) McAuliffe,RUSSIAN
9781,2017 Fall Term,Felicia A Arriaga,SOCIOL
9781,2018 Fall Term,Maria Febbo,SOCIOL
9781,2018 Spring Term,Jarron Daniel Bowman,SOCIOL
9781,2019 Spring Term,Simon G Brauer,SOCIOL
9789,2018 Fall Term,Michael P Hardt,SOCIOL
9789,2018 Spring Term,Bai Gao,SOCIOL
9789,2019 Spring Term,Bai Gao,SOCIOL
10020,2017 Fall Term,Caroline J Enloe,SPANISH
10020,2018 Fall Term,Ofelia del Carmen Lopez Madrigal,SPANISH
10020,2018 Spring Term,Ninel Hipatia Valderrama Negron,SPANISH
10020,2019 Spring Term,Departmental Staff,SPANISH
10022,2017 Fall Term,Ashley Hobson,SPANISH
10022,2018 Fall Term,Elia Romera Figueroa,SPANISH
10022,2018 Spring Term,Amanda Foy,SPANISH
10022,2019 Spring Term,Departmental Staff,SPANISH
10025,2017 Fall Term,Maria Romero,SPANISH
10025,2018 Fall Term,Maria Romero,SPANISH
10030,2017 Fall Term,Departmental Staff,SPANISH
10030,2018 Spring Term,Departmental Staff,SPANISH
10155,2017 Fall Term,Edward Rommen,SPIRIT
10155,2018 Fall Term,Edward Rommen,SPIRIT
10977,2017 Fall Term,Emily M Klein,EOS
10977,2018 Fall Term,Emily M Klein,EOS
10977,2018 Spring Term,Alexander Glass,EOS
10977,2019 Spring Term,Alexander Glass,EOS
12571,2018 Spring Term,Shahla Adel,PERSIAN
12571,2019 Spring Term,Shahla Adel,PERSIAN
12572,2019 Spring Term,Shahla Adel,PERSIAN
12638,2018 Fall Term,Emily S Bernhardt John H Willis,UPE
12640,2017 Fall Term,James S Clark Kathleen Donohue,UPE
12640,2018 Fall Term,James S Clark Kathleen Donohue,UPE
12640,2018 Spring Term,James S Clark Kathleen Donohue,UPE
12640,2019 Spring Term,James S Clark Kathleen Donohue,UPE
12940,2018 Spring Term,Sherryl A Broverman,ICS
12940,2019 Spring Term,Sherryl A Broverman,ICS
12977,2017 Fall Term,Susan R Greenberg,MUSIC
12977,2018 Fall Term,Susan R Greenberg,MUSIC
12977,2018 Spring Term,Susan R Greenberg,MUSIC
12977,2019 Spring Term,Susan R Greenberg,MUSIC
12978,2017 Fall Term,Elizabeth B Linnartz,MUSIC
12978,2018 Fall Term,Elizabeth B Linnartz,MUSIC
12978,2018 Spring Term,Elizabeth B Linnartz,MUSIC
12978,2019 Spring Term,Elizabeth B Linnartz,MUSIC
12979,2017 Fall Term,Randy Reed,MUSIC
12979,2018 Fall Term,Randy Reed,MUSIC
12979,2018 Spring Term,Randy Reed,MUSIC
12979,2019 Spring Term,Randy Reed,MUSIC
13046,2018 Spring Term,Magda Silva,PORTUGUE
13046,2019 Spring Term,Magda Silva,PORTUGUE
13076,2017 Fall Term,Melissa Anne Huber,GREEK
13076,2018 Fall Term,Departmental Staff,GREEK
13076,2018 Spring Term,Departmental Staff,GREEK
13103,2017 Fall Term,Jeremy Hartnett,LATIN
13103,2018 Fall Term,Departmental Staff,LATIN
13103,2018 Spring Term,Departmental Staff,LATIN
13180,2017 Fall Term,Randy L Maddox,CONTDIV
13180,2018 Fall Term,Randy L Maddox,CONTDIV
13180,2018 Spring Term,Randy L Maddox,CONTDIV
13180,2019 Spring Term,Jerusha M Neal,CONTDIV
13594,2017 Fall Term,Lorena S Beese,CELLBIO
13594,2018 Fall Term,Lorena S Beese,CELLBIO
13670,2017 Fall Term,Matthew Floding,CPE
13670,2018 Fall Term,Matthew Floding,CPE
13670,2018 Spring Term,Matthew Floding Rhonda R Parker,CPE
13670,2019 Spring Term,Matthew Floding,CPE
13815,2017 Fall Term,Mary Sharp,ARTSVIS
13815,2018 Fall Term,Mary Sharp,ARTSVIS
13815,2018 Spring Term,Mary Sharp,ARTSVIS
13815,2019 Spring Term,Mary Sharp,ARTSVIS
13848,2018 Spring Term,Staff,OPTECH
13848,2019 Spring Term,Staff,OPTECH
13851,2018 Spring Term,Staff,OPTECH
13851,2019 Spring Term,Staff,OPTECH
13857,2017 Fall Term,Rebecca L Vidra,ENVIRON
13857,2018 Fall Term,Rebecca L Vidra,ENVIRON
13857,2018 Spring Term,Jennifer J Wernegreen,ENVIRON
13857,2019 Spring Term,Jennifer J Wernegreen,ENVIRON
13956,2017 Fall Term,Didem Havlioglu Rabia Kosten,TURKISH
13956,2018 Fall Term,Didem Havlioglu,TURKISH
13957,2018 Spring Term,Didem Havlioglu Rabia Kosten,TURKISH
13957,2019 Spring Term,Didem Havlioglu,TURKISH
13958,2017 Fall Term,Didem Havlioglu Rabia Kosten,TURKISH
13958,2018 Fall Term,Didem Havlioglu,TURKISH
14315,2017 Fall Term,Staff,REG
14315,2018 Fall Term,Staff,REG
14315,2018 Spring Term,Staff,REG
14315,2019 Spring Term,Staff,REG
14447,2017 Fall Term,Fred Dietrich,CBB
14447,2018 Fall Term,Fred Dietrich,CBB
14567,2017 Fall Term,Paul Magwene,CBB
14567,2018 Fall Term,Paul Magwene,CBB
14567,2018 Spring Term,Paul Magwene,CBB
14567,2019 Spring Term,Paul Magwene,CBB
14770,2017 Fall Term,Kimberly K Lamm,GSF
14770,2018 Fall Term,Peter H Sigal,GSF
14770,2018 Spring Term,Nicholas Clarkson,GSF
14770,2019 Spring Term,Logan Natalie O'Laughlin,GSF
14779,2018 Spring Term,Maryann D Murtagh,GSF
14779,2019 Spring Term,Jessica Estlund Issacharoff,GSF
14970,2017 Fall Term,Katherine Hyde,DOCST
14970,2018 Fall Term,Christopher Wilson Sims,DOCST
14970,2018 Spring Term,Christopher Wilson Sims,VMS
14970,2019 Spring Term,Katherine Hyde,VMS
14971,2017 Fall Term,William Bamberger,DOCST
14971,2018 Fall Term,William Bamberger,DOCST
15067,2018 Spring Term,Sayan Mukherjee,CBB
15067,2019 Spring Term,Li Ma Scott C Schmidler,CBB
15228,2018 Spring Term,Chay Titus Kuo Donald T Fox,MOLCAN
15228,2019 Spring Term,Chay Titus Kuo Sarah Goetz,MOLCAN
15230,2018 Spring Term,Sue J Robertson,UPGEN
15230,2019 Spring Term,Sue J Robertson,UPGEN
15262,2017 Fall Term,Anne E West,NEUROBIO
15262,2018 Fall Term,Anne E West,NEUROBIO
15262,2018 Spring Term,Anne E West,NEUROBIO
15262,2019 Spring Term,Anne E West,NEUROBIO
15263,2018 Fall Term,Staff,IMMUNOL
15263,2018 Spring Term,Michael D Gunn,IMMUNOL
15263,2019 Spring Term,David S Pisetsky,IMMUNOL
15264,2017 Fall Term,Staff,IMMUNOL
15264,2018 Fall Term,Donghai Wang,IMMUNOL
15334,2018 Fall Term,Nathan A Boucher,SCISOC
15334,2018 Spring Term,Nathan A Boucher,SCISOC
15334,2019 Spring Term,Nathan A Boucher,SCISOC
15348,2017 Fall Term,Carmella La Bianca Elise Shari Goldwasser,PUBPOL
15348,2018 Fall Term,Carmella La Bianca Christina Gibson-Davis Elise Shari Goldwasser Suzanne A Valdivia,PUBPOL
15348,2018 Spring Term,Elise Shari Goldwasser Leslie M Babinski,PUBPOL
15348,2019 Spring Term,Christina Gibson-Davis Elise Shari Goldwasser,PUBPOL
15531,2017 Fall Term,Timothy E Reddy,CBB
15531,2018 Fall Term,Timothy E Reddy,CBB
15531,2018 Spring Term,Timothy E Reddy,CBB
15531,2019 Spring Term,Timothy E Reddy,CBB
15842,2017 Fall Term,Susan Jane Dunlap,PASTCARE
15842,2018 Fall Term,Susan Jane Dunlap,PASTCARE
16036,2017 Fall Term,M Susan Lozier,EOS
16036,2018 Fall Term,Laifang Li,EOS
16219,2017 Fall Term,Hugh A Crumley,GS
16219,2018 Fall Term,Hugh A Crumley,GS
16220,2017 Fall Term,Hugh A Crumley,GS
16220,2018 Fall Term,Hugh A Crumley,GS
16221,2017 Fall Term,Hugh A Crumley,GS
16221,2018 Fall Term,Hugh A Crumley,GS
16221,2018 Spring Term,Hugh A Crumley,GS
16221,2019 Spring Term,Hugh A Crumley,GS
16389,2017 Fall Term,Tyler R Walters,DANCE
16389,2018 Fall Term,Tyler R Walters,DANCE
16428,2017 Fall Term,John H Biewen,PJMS
16428,2018 Fall Term,John H Biewen,PJMS
16850,2017 Fall Term,Jerusha M Neal,CHURMIN
16850,2018 Fall Term,Charles L Campbell,CHURMIN
16875,2017 Fall Term,David E Schaad,CEE
16875,2018 Fall Term,David E Schaad,CEE
16875,2018 Spring Term,David E Schaad,CEE
16875,2019 Spring Term,David E Schaad,CEE
16881,2017 Fall Term,LaTondra Murray,EGRMGMT
16881,2018 Fall Term,Bradley A Fox,EGRMGMT
16881,2018 Spring Term,LaTondra Murray,EGRMGMT
16881,2019 Spring Term,Bradley A Fox,EGRMGMT
16955,2017 Fall Term,Robert E Reiman Jr.,MEDPHY
16955,2018 Fall Term,Robert E Reiman Jr.,MEDPHY
16958,2017 Fall Term,Timothy G Turkington,MEDPHY
16958,2018 Fall Term,Timothy G Turkington,MEDPHY
17124,2017 Fall Term,Stacy L Tantum,ECE
17124,2018 Fall Term,April Brown,ECE
17124,2018 Spring Term,Lisa G Huettel,ECE
17124,2019 Spring Term,Lisa G Huettel,ECE
17292,2017 Fall Term,Lincoln F Pratson,ENERGY
17292,2018 Fall Term,Lincoln F Pratson,ENERGY
17409,2018 Spring Term,Rochelle D Schwartz-Bloom,PHARM
17409,2019 Spring Term,Jessica K Sawyer Rochelle D Schwartz-Bloom,PHARM
17410,2017 Fall Term,Dimitri Blondel Rochelle D Schwartz-Bloom,PHARM
17410,2018 Fall Term,Dimitri Blondel Rochelle D Schwartz-Bloom,PHARM
17428,2019 Spring Term,Adrienne D Stiff-Roberts,ECE
17498,2017 Fall Term,Bradley E Simmons,MUSIC
17498,2018 Fall Term,Bradley E Simmons,MUSIC
17498,2018 Spring Term,Bradley E Simmons,MUSIC
17498,2019 Spring Term,Bradley E Simmons,MUSIC
17499,2017 Fall Term,Sheri Branson,PHYSEDU
17499,2018 Spring Term,Sheri Branson,PHYSEDU
17515,2017 Fall Term,Rhonda R Parker,FIELDEDU
17515,2018 Fall Term,Daniel M Corpening Rhonda R Parker,FIELDEDU
17515,2018 Spring Term,Rhonda R Parker,FIELDEDU
17515,2019 Spring Term,Daniel M Corpening,FIELDEDU
17526,2017 Fall Term,Naomi Kraut,MAT
17526,2018 Fall Term,Naomi Kraut,MAT
17806,2017 Fall Term,Meghan F Benson,CHURMIN
17806,2018 Fall Term,Joseph Daniel Car Ananias Meghan F Benson,CHURMIN
17806,2018 Spring Term,Meghan F Benson Sonja H Tilley,CHURMIN
17806,2019 Spring Term,Christopher A Beeley Meghan F Benson,CHURMIN
17911,2017 Fall Term,Megan M Golonka,CHILDPOL
17911,2018 Fall Term,Megan M Golonka,CHILDPOL
17911,2018 Spring Term,Clara G Muschkin,CHILDPOL
17911,2019 Spring Term,Clara G Muschkin,CHILDPOL
17941,2018 Spring Term,Staff,SPIRIT
18029,2017 Fall Term,Gustavo PT Furtado,AMI
18029,2018 Fall Term,Gustavo PT Furtado,AMI
18102,2017 Fall Term,Karen Price,DOCST
18102,2018 Fall Term,Karen Price,DOCST
18235,2018 Spring Term,Sheri Branson,PHYSEDU
18235,2019 Spring Term,Sheri Branson,PHYSEDU
18255,2018 Spring Term,Sarah A G Komisarow,CHILDPOL
18270,2017 Fall Term,Staff,PASTCARE
18272,2018 Fall Term,Brendan Winfield-Sult Case,CHURHST
18275,2018 Spring Term,Jody Ross Wood Leia Teresa Wright,AEROSCI
18275,2019 Spring Term,Jesse Warner Hunt Jody Ross Wood Leia Teresa Wright,AEROSCI
18276,2018 Spring Term,Andrea R. Callies Jody Ross Wood Leia Teresa Wright,AEROSCI
18276,2019 Spring Term,Andrea R. Callies Jody Ross Wood Leia Teresa Wright,AEROSCI
18277,2017 Fall Term,Andrea R. Callies Jody Ross Wood Leia Teresa Wright,AEROSCI
18277,2018 Fall Term,Andrea R. Callies Jody Ross Wood Leia Teresa Wright,AEROSCI
18282,2017 Fall Term,Luciana Fellin,ROMST
18465,2018 Fall Term,Peter H Sigal,SXL
18465,2018 Spring Term,Nicholas Clarkson,SXL
18477,2018 Spring Term,Catherine C Bowler,AMXTIAN
18808,2017 Fall Term,Edward Rommen Meghan F Benson,CHURMIN
18808,2018 Fall Term,Staff,CHURMIN
18808,2018 Spring Term,Edward Rommen Lehman Benson III Sonja H Tilley,CHURMIN
18963,2017 Fall Term,Staff,CONTDIV
18963,2018 Spring Term,William B Gunter,CONTDIV
18963,2019 Spring Term,Staff,CONTDIV
19023,2017 Fall Term,Emily E Boehm,EVANTH
19023,2018 Fall Term,Justin A Ledogar,EVANTH
19023,2018 Spring Term,Tara Clarke,EVANTH
19065,2018 Spring Term,Staff,CHILDPOL
19135,2019 Spring Term,Abdullah Antepli,HISTREL
19142,2018 Spring Term,Antonio Viego,AAAS
19374,2017 Fall Term,Ashley L Elrod,MEDREN
19374,2018 Spring Term,Ashley L Elrod,MEDREN
19400,2017 Fall Term,Mary M Fulkerson,XTIANETH
19400,2018 Fall Term,Mary M Fulkerson,XTIANETH
19468,2017 Fall Term,Lamonte Aidoo,PORTUGUE
19468,2018 Fall Term,Lamonte Aidoo,PORTUGUE
19468,2019 Spring Term,Lamonte Aidoo,PORTUGUE
19482,2017 Fall Term,Matthew Floding,CPE
19482,2018 Fall Term,Matthew Floding,CPE
19482,2018 Spring Term,Matthew Floding Rhonda R Parker,CPE
19482,2019 Spring Term,Matthew Floding,CPE
19640,2018 Fall Term,Peng Sun,BA
19643,2017 Fall Term,David Benjamin Brown,BA
19765,2017 Fall Term,Lisa M McCarty,LIT
19765,2018 Spring Term,Alexander Michael Cunningham,VMS
19765,2019 Spring Term,Alexander Michael Cunningham,ARTSVIS
19913,2017 Fall Term,Christopher Lance Thumen,NAVALSCI
19913,2018 Fall Term,Christopher Lance Thumen,NAVALSCI
19913,2018 Spring Term,Christopher Lance Thumen,NAVALSCI
19913,2019 Spring Term,Christopher Lance Thumen,NAVALSCI
19923,2018 Spring Term,Staff,OPTECH
19923,2019 Spring Term,Staff,OPTECH
20130,2018 Fall Term,Vasant Kaiwar,MEDREN
20130,2018 Spring Term,Vasant Kaiwar,MEDREN
20138,2017 Fall Term,William Bamberger,VMS
20138,2018 Fall Term,Edward Triplett,VMS
20138,2018 Spring Term,Kristin L Huffman,VMS
20138,2019 Spring Term,Kristin L Huffman,VMS
20188,2017 Fall Term,Warren A Kinghorn,XTIANETH
20188,2018 Fall Term,Joel James Shuman Matthew Elmore,XTIANETH
20324,2017 Fall Term,Fan Yuan,MENG
20324,2018 Fall Term,Fan Yuan,MENG
20324,2018 Spring Term,Fan Yuan,MENG
20324,2019 Spring Term,Fan Yuan,MENG
20325,2017 Fall Term,Richard Telford,MENG
20325,2018 Fall Term,Richard Telford,MENG
20325,2018 Spring Term,Richard Telford,MENG
20325,2019 Spring Term,Richard Telford,MENG
20344,2017 Fall Term,Staff,MMS
20350,2018 Fall Term,Nico Hotz,EGR
20357,2017 Fall Term,Fan Yuan,MENG
20357,2018 Fall Term,Fan Yuan,MENG
20357,2018 Spring Term,Fan Yuan,MENG
20357,2019 Spring Term,Fan Yuan,MENG
20527,2017 Fall Term,Catherine C Bowler,AMXTIAN
20770,2018 Fall Term,Frederick Edie,PARISH
20776,2017 Fall Term,William Willimon,DMNISTRY
20776,2018 Fall Term,Kenneth Scott Evers-Hood William Willimon,DMNISTRY
20797,2017 Fall Term,Talya E Klein,THEATRST
20797,2018 Fall Term,Esther K Lee,THEATRST
20797,2019 Spring Term,Esther K Lee,THEATRST
20818,2017 Fall Term,Aaron Kutnick,MFAEDA
20818,2018 Fall Term,Aaron Kutnick,MFAEDA
20819,2017 Fall Term,Shambhavi Kaul,MFAEDA
20819,2018 Fall Term,Shambhavi Kaul,MFAEDA
20820,2018 Spring Term,Jason K Sudak,MFAEDA
20820,2019 Spring Term,Lisa M McCarty,MFAEDA
20823,2017 Fall Term,David Michael Malone Jan Riggsbee Jeffrey R Forbes,EDUC
20823,2018 Fall Term,David Michael Malone Jan Riggsbee Jeffrey R Forbes,RIGHTS
20824,2017 Fall Term,Judith G Ruderman,JEWISHST
20824,2018 Fall Term,Joshua B Friedman,JEWISHST
20824,2018 Spring Term,Joshua B Friedman,JEWISHST
20906,2017 Fall Term,Brian L Hardesty,XTIANPRC
20906,2018 Fall Term,Brian L Hardesty,XTIANPRC
20906,2018 Spring Term,Heidi A Miller,XTIANPRC
20906,2019 Spring Term,Brian L Hardesty,XTIANPRC
20953,2017 Fall Term,Scott Marshall Anderson,DMNISTRY
20953,2018 Fall Term,Michael A Long,DMNISTRY
20953,2018 Spring Term,Kenneth Scott Evers-Hood Scott Marshall Anderson,DMNISTRY
20953,2019 Spring Term,Michael A Long,DMNISTRY
21080,2018 Spring Term,Joseph Winters,RELIGION
21080,2019 Spring Term,David Ashley Morgan,RELIGION
21143,2018 Fall Term,Roman R Williams,DMNISTRY
21145,2018 Fall Term,Anathea E Portier-Young,OLDTEST
21366,2019 Spring Term,Harry Karahalios Roberto Dainotto,ROMST
21369,2017 Fall Term,Negar Mottahedeh,LATAMER
21369,2018 Fall Term,Negar Mottahedeh,LATAMER
21369,2018 Spring Term,Negar Mottahedeh,LATAMER
21369,2019 Spring Term,Negar Mottahedeh,LATAMER
21412,2017 Fall Term,David N Need,LINGUIST
21524,2018 Spring Term,Brittany E Wilson,NEWTEST
21524,2019 Spring Term,Brittany E Wilson,NEWTEST
21526,2017 Fall Term,Jennifer Copeland Madison K Daniel,DMNISTRY
21526,2018 Spring Term,Jennifer Copeland Madison K Daniel,DMNISTRY
21526,2019 Spring Term,Jennifer Copeland Madison K Daniel,DMNISTRY
21528,2018 Spring Term,Elizabeth Anne Degaynor,XTIANEDU
21528,2019 Spring Term,Elizabeth Anne Degaynor,XTIANEDU
21534,2018 Spring Term,Jill Anderson,LSGS
21550,2017 Fall Term,Staff,GENOME
21706,2017 Fall Term,E William St Clair You Wen He,IMMUNOL
21706,2018 Fall Term,E William St Clair You Wen He,IMMUNOL
21852,2017 Fall Term,Departmental Staff,MGM
21852,2018 Fall Term,Departmental Staff,MGM
21852,2018 Spring Term,Joseph Heitman,MGM
21852,2019 Spring Term,Joseph Heitman,MGM
21967,2018 Spring Term,Catherine C Bowler Robert Douglas,CHURHST
21967,2019 Spring Term,Katie M Benjamin,CHURHST
22130,2017 Fall Term,Nicole L Schramm-Sapyta,SCISOC
22130,2018 Fall Term,Nicole L Schramm-Sapyta,SCISOC
22156,2017 Fall Term,Patrick Herron,ISS
22156,2018 Fall Term,Patrick Herron,PUBPOL
22177,2017 Fall Term,Thomas S. Rankin,MFAEDA
22177,2018 Fall Term,Thomas S. Rankin,MFAEDA
22203,2017 Fall Term,Thomas F DeFrantz,THEATRST
22203,2018 Fall Term,Staff,THEATRST
22215,2017 Fall Term,Jennifer J Wernegreen,ENVIRON
22215,2018 Fall Term,Francois M Lutzoni,ENVIRON
22262,2017 Fall Term,Sangjie Zhaxi,TIBETAN
22262,2018 Fall Term,Sangjie Zhaxi,TIBETAN
22307,2019 Spring Term,Gray Fielding Kidd,SXL
22329,2018 Spring Term,Thomas S. Rankin,MFAEDA
22329,2019 Spring Term,Thomas S. Rankin,MFAEDA
22409,2017 Fall Term,James D Boyle,LAW
22409,2018 Fall Term,James D Boyle,LAW
22505,2017 Fall Term,Hugh A Crumley,GS
22505,2018 Fall Term,Hugh A Crumley,GS
22505,2018 Spring Term,Hugh A Crumley,GS
22534,2018 Spring Term,Sangjie Zhaxi,TIBETAN
22534,2019 Spring Term,Sangjie Zhaxi,TIBETAN
22675,2017 Fall Term,Robert A Malkin,BME
22675,2018 Fall Term,Robert A Malkin,BME
22766,2018 Spring Term,Didem Havlioglu Rabia Kosten,TURKISH
22766,2019 Spring Term,Didem Havlioglu,TURKISH
22805,2017 Fall Term,Mauricio Castro,LSGS
22805,2018 Fall Term,Rene Galvan,LSGS
22905,2018 Spring Term,Mark J. V. Olson,HCVIS
22905,2019 Spring Term,Annabel Wharton Mark J. V. Olson,HCVIS
22906,2017 Fall Term,Victoria E Szabo,HCVIS
22906,2018 Fall Term,Victoria E Szabo,HCVIS
22912,2017 Fall Term,Ann Hartman Jennifer Mando Vandrick,NURSING
22912,2018 Fall Term,Ann Hartman Jennifer Mando Vandrick,NURSING
22912,2018 Spring Term,Ann Hartman Jennifer Mando Vandrick,NURSING
22912,2019 Spring Term,Ann Hartman Jennifer Mando Vandrick,NURSING
22914,2017 Fall Term,Helen A Gordon,NURSING
22914,2018 Fall Term,Helen A Gordon,NURSING
22914,2018 Spring Term,Ann Hartman,NURSING
22914,2019 Spring Term,Helen A Gordon,NURSING
22918,2017 Fall Term,Staff,LSGS
22918,2018 Fall Term,Cole Alexander Rizki,AAAS
22918,2019 Spring Term,Antonio Viego,LSGS
22942,2017 Fall Term,Gregory M Palmer Mark W Dewhirst,MEDPHY
22942,2018 Fall Term,Staff,MEDPHY
22942,2019 Spring Term,Gregory M Palmer Mark Oldham Mark W Dewhirst,MEDPHY
22965,2017 Fall Term,Sangjie Zhaxi,TIBETAN
22965,2018 Fall Term,Sangjie Zhaxi,TIBETAN
23034,2017 Fall Term,Michael S Krangel Thomas F Tedder,IMMUNOL
23034,2018 Fall Term,Michael S Krangel Thomas F Tedder,IMMUNOL
23123,2017 Fall Term,Deedra K McClearn,MEDPHY
23123,2018 Fall Term,Deedra K McClearn,MEDPHY
23130,2017 Fall Term,Ying Chiang Huang,MEDPHY
23130,2018 Fall Term,Ying Chiang Huang,MEDPHY
23133,2017 Fall Term,James E Bowsher,GS
23133,2018 Fall Term,James E Bowsher,GS
23204,2017 Fall Term,Kristen D Marks,THEATRST
23204,2018 Fall Term,Staff,THEATRST
23214,2017 Fall Term,Erika S Weinthal Rebecca Stein,ENVIRON
23230,2018 Spring Term,Dale Purves,NEUROBIO
23230,2019 Spring Term,Staff,NEUROBIO
23232,2017 Fall Term,Michael D Alch Rachelle M Macon Theodore K Pabo,MILITSCI
23232,2018 Fall Term,Michael D Alch Rachelle M Macon,MILITSCI
23266,2017 Fall Term,Staff,PARISH
23278,2017 Fall Term,Gustavo PT Furtado,ROMST
23278,2018 Fall Term,Gustavo PT Furtado,ROMST
23278,2018 Spring Term,Martin G Eisner,ROMST
23288,2017 Fall Term,Fattaneh V Naeymi-Rad,PERSIAN
23299,2017 Fall Term,Gustavo PT Furtado,LATAMER
23299,2018 Fall Term,Gustavo PT Furtado,LATAMER
23338,2018 Spring Term,Sangjie Zhaxi,TIBETAN
23338,2019 Spring Term,Sangjie Zhaxi,TIBETAN
23350,2018 Spring Term,Richard Frothingham,MGM
23350,2019 Spring Term,Richard Frothingham,MGM
23351,2017 Fall Term,Eric Green,GLHLTH
23433,2018 Fall Term,Beth A Sullivan,MGM
23501,2018 Spring Term,Martin G Eisner,ITALIAN
23520,2017 Fall Term,Michael D Alch Rachelle M Macon Theodore K Pabo,MILITSCI
23520,2018 Fall Term,Michael D Alch Rachelle M Macon,MILITSCI
23520,2018 Spring Term,Michael D Alch Rachelle M Macon Theodore K Pabo,MILITSCI
23520,2019 Spring Term,Michael D Alch Rachelle M Macon,MILITSCI
23529,2018 Spring Term,Steffen A Bass,PHYSICS
23529,2019 Spring Term,Steffen A Bass,PHYSICS
23539,2017 Fall Term,Susanne B Haga,GENOME
23539,2018 Fall Term,Susanne B Haga,GENOME
23540,2017 Fall Term,Jehanne Gheith,SCISOC
23540,2018 Fall Term,Jehanne Gheith,RIGHTS
23568,2018 Fall Term,Lisa Beth Bergene,RIGHTS
23651,2018 Spring Term,Michael D Alch Rachelle M Macon,MILITSCI
23651,2019 Spring Term,Michael D Alch Rachelle M Macon,MILITSCI
23658,2017 Fall Term,Sumathi Ramaswamy,ETHICS
23658,2019 Spring Term,Sumathi Ramaswamy,ETHICS
23676,2017 Fall Term,Jory Weintraub,BIOETHIC
23679,2017 Fall Term,Martha Reeves,MMS
23679,2018 Fall Term,Martha Reeves,MMS
23683,2018 Fall Term,Fangyuan Shang Kun Shan Carolyn Lee,CHINESE
23876,2018 Spring Term,John H Aldrich Michelle Whyman,POLSCI
23876,2019 Spring Term,Michael Munger,POLSCI
23893,2018 Spring Term,Daniel J Lew Stefano Di Talia,UPGEN
23893,2019 Spring Term,Daniel J Lew Stefano Di Talia,CMB
23922,2018 Spring Term,Misha Angrist,BIOETHIC
23922,2019 Spring Term,Misha Angrist,BIOETHIC
23953,2017 Fall Term,Robin Kirk,LATAMER
23957,2017 Fall Term,Eric J. Mlyn,CESC
23957,2018 Fall Term,Eric J. Mlyn,CESC
24135,2017 Fall Term,Minna Ng,NEUROSCI
24135,2018 Fall Term,Minna Ng,NEUROSCI
24138,2017 Fall Term,Anne D Yoder,BIOLOGY
24180,2018 Spring Term,Nicole Elizabeth Barnes,GLHLTH
24262,2018 Fall Term,Donald P McDonnell Harold P Erickson Scott H Soderling Stephen G Lisberger,MOLCAN
24322,2018 Fall Term,Sangjie Zhaxi,TIBETAN
24349,2017 Fall Term,Michael Waitzkin,BIOETHIC
24349,2018 Fall Term,Michael Waitzkin,BIOETHIC
24349,2018 Spring Term,Michael Clamann,BIOETHIC
24349,2019 Spring Term,Departmental Staff,BIOETHIC
24372,2018 Spring Term,Maurizio Forte,NEUROSCI
24395,2019 Spring Term,Leela Prasad,HISTREL
24400,2017 Fall Term,Astrid A Giugni,ISS
24400,2018 Fall Term,Astrid A Giugni,ISS
24400,2018 Spring Term,Astrid A Giugni,ISS
24410,2018 Spring Term,Peter H Sigal,SXL
24410,2019 Spring Term,Peter H Sigal,SXL
24420,2018 Spring Term,Alexander Hartemink,ETHICS
24426,2018 Spring Term,Guo-Juin Hong,AMI
24432,2017 Fall Term,Kisha N Daniels,EDUC
24432,2018 Fall Term,Kisha N Daniels,EDUC
24432,2018 Spring Term,Susan R Wynn,EDUC
24432,2019 Spring Term,Susan R Wynn,EDUC
24464,2018 Spring Term,David L Boyd,GLHLTH
24464,2019 Spring Term,Melissa H Watt,GLHLTH
24576,2017 Fall Term,Staff,EGRMGMT
24576,2018 Fall Term,LaTondra Murray,EGRMGMT
24578,2019 Spring Term,LaTondra Murray,EGRMGMT
24656,2019 Spring Term,Chandler Thomas Fry,POLSCI
24685,2017 Fall Term,Liliana Paredes,ROMST
24704,2017 Fall Term,Carol Apollonio,ETHICS
24704,2018 Fall Term,David C Toole,ETHICS
24704,2019 Spring Term,Christian Paul Ferney Denise K Comer,ETHICS
24705,2017 Fall Term,Rex Crews,CLST
24774,2017 Fall Term,Christian Paul Ferney Denise K Comer,ARTS&SCI
24775,2017 Fall Term,Jonathon Mark Free,ENERGY
24775,2019 Spring Term,Jonathon Mark Free,ENERGY
24776,2019 Spring Term,Christian Paul Ferney Denise K Comer,WRITING
24809,2017 Fall Term,Staff,EHD
24809,2018 Spring Term,Jessica Sperling Smokoski John Patrick Killeen,EHD
24825,2017 Fall Term,Douglas B Currivan,IDS
24825,2018 Fall Term,Douglas B Currivan,IDS
24914,2017 Fall Term,Nancy L Zucker,BRAINSOC
24914,2018 Fall Term,Kim N. McNally,BRAINSOC
24914,2018 Spring Term,Christina Williams,BRAINSOC
24915,2017 Fall Term,Nancy L Zucker,BRAINSOC
24915,2018 Fall Term,Kim N. McNally,BRAINSOC
24915,2018 Spring Term,Departmental Staff,BRAINSOC
24969,2018 Fall Term,Geoffrey Harpham Hannah Ridge,ETHICS
24969,2018 Spring Term,Jesse Summers,ETHICS
24999,2018 Fall Term,William Seaman,ISS
25029,2018 Spring Term,Nancy L Zucker,BRAINSOC
25029,2019 Spring Term,Kim N. McNally,BRAINSOC
25052,2018 Spring Term,Pedro Lasch,I&E
25098,2018 Fall Term,Departmental Staff,CMAC
25098,2018 Spring Term,Departmental Staff,CMAC
25098,2019 Spring Term,Departmental Staff,CMAC
25105,2018 Spring Term,Nancy L Zucker,BRAINSOC
25105,2019 Spring Term,Kim N. McNally,BRAINSOC
25155,2018 Spring Term,Leslie Parkins,CESC
25155,2019 Spring Term,David Michael Malone,CESC
25187,2018 Fall Term,Daniel J Lew,CMB
25188,2018 Fall Term,Michel Bagnat,CMB
25220,2018 Fall Term,Raymond C Barfield Stephanie Holmer,GLHLTH
25263,2018 Fall Term,Jonathon Mark Free,ENERGY
25279,2018 Spring Term,Kristin A Goss,PUBPOL
25279,2019 Spring Term,Departmental Staff,PUBPOL
25322,2018 Fall Term,Susanne B Haga,MGM
25328,2018 Fall Term,Anne-Maria B Makhulu,I&E
25557,2019 Spring Term,Seok-Yong Lee,CMB
25659,2019 Spring Term,Alexandra Cooper,IDS
25707,2019 Spring Term,Departmental Staff,MATH
24432,2017 Fall Term,Kisha N Daniels,EDUC
24432,2018 Spring Term,Susan R Wynn,EDUC
24432,2018 Fall Term,Kisha N Daniels,EDUC
24432,2019 Spring Term,Susan R Wynn,EDUC
24464,2018 Spring Term,David L Boyd,GLHLTH
24464,2019 Spring Term,Melissa H Watt,GLHLTH
24576,2017 Fall Term,Staff,EGRMGMT
24576,2018 Fall Term,LaTondra Murray,EGRMGMT
24578,2019 Spring Term,LaTondra Murray,EGRMGMT
24656,2019 Spring Term,Chandler Thomas Fry,POLSCI
24685,2017 Fall Term,Liliana Paredes,ROMST
24704,2017 Fall Term,Carol Apollonio,ETHICS
24704,2018 Fall Term,David C Toole,ETHICS
24704,2019 Spring Term,Christian Paul Ferney Denise K Comer,ETHICS
24705,2017 Fall Term,Rex Crews,CLST
24774,2017 Fall Term,Christian Paul Ferney Denise K Comer,ARTS&SCI
24775,2017 Fall Term,Jonathon Mark Free,ENERGY
24775,2019 Spring Term,Jonathon Mark Free,ENERGY
24776,2019 Spring Term,Christian Paul Ferney Denise K Comer,WRITING
24809,2017 Fall Term,Staff,EHD
24809,2018 Spring Term,Jessica Sperling Smokoski John Patrick Killeen,EHD
24825,2017 Fall Term,Douglas B Currivan,IDS
24825,2018 Fall Term,Douglas B Currivan,IDS
24914,2017 Fall Term,Nancy L Zucker,BRAINSOC
24914,2018 Spring Term,Christina Williams,BRAINSOC
24914,2018 Fall Term,Kim N. McNally,BRAINSOC
24915,2017 Fall Term,Nancy L Zucker,BRAINSOC
24915,2018 Spring Term,Departmental Staff,BRAINSOC
24915,2018 Fall Term,Kim N. McNally,BRAINSOC
24969,2018 Spring Term,Jesse Summers,ETHICS
24969,2018 Fall Term,Geoffrey Harpham Hannah Ridge,ETHICS
24999,2018 Fall Term,William Seaman,AMI
24999,2018 Fall Term,William Seaman,ISS
25029,2018 Spring Term,Nancy L Zucker,BRAINSOC
25029,2019 Spring Term,Kim N. McNally,BRAINSOC
25052,2018 Spring Term,Pedro Lasch,I&E
25098,2018 Spring Term,Departmental Staff,CMAC
25098,2018 Fall Term,Departmental Staff,CMAC
25098,2019 Spring Term,Departmental Staff,CMAC
25105,2018 Spring Term,Nancy L Zucker,BRAINSOC
25105,2019 Spring Term,Kim N. McNally,BRAINSOC
25155,2018 Spring Term,Leslie Parkins,CESC
25155,2019 Spring Term,David Michael Malone,CESC
25187,2018 Fall Term,Daniel J Lew,CMB
25188,2018 Fall Term,Michel Bagnat,CMB
25220,2018 Fall Term,Raymond C Barfield Stephanie Holmer,GLHLTH
25220,2018 Fall Term,Raymond C Barfield Stephanie Holmer,SCISOC
25220,2018 Fall Term,Raymond C Barfield Stephanie Holmer,SOCIOL
25263,2018 Fall Term,Jonathon Mark Free,ENERGY
25279,2018 Spring Term,Kristin A Goss,PUBPOL
25279,2019 Spring Term,Departmental Staff,PUBPOL
25322,2018 Fall Term,Susanne B Haga,MGM
25328,2018 Fall Term,Anne-Maria B Makhulu,I&E
25557,2019 Spring Term,Seok-Yong Lee,CMB
25557,2019 Spring Term,Seok-Yong Lee,NEUROBIO
25659,2019 Spring Term,Alexandra Cooper,IDS
25707,2019 Spring Term,Departmental Staff,MATH