tpk11,11,F
kcm51,18,TH:F
mm549,19,T:TH:F
yg78,10,M:W:TH:F
slh52,16,M:W:TH:F
lrg15,19,T:W:TH:F
sh485,17,T:W:TH:F
pev2,16,T:W:TH
pa94,17,M
ma167,13,TH
asf47,18,T:W:F
bmt30,13,T:F
hs240,12,M:F
kaj48,11,T:W
nap31,16,M:T:F
yw292,12,M:T:W:TH
kag67,15,M:T:TH
aj245,14,T:TH
rk255,14,M:W:TH:F
kll33,19,M:T:W:TH:F
ak462,14,F
ad388,11,M:T:TH
eg160,13,M:T:W
jl639,10,M:T:W
zw153,15,M
rw194,17,T:F
rar58,13,W:F
zc91,17,M:T
jc698,18,T:W:TH
zy41,18,M:T:TH
ku15,16,T:W:TH
xd36,11,T:W:TH
sts30,19,W
zmp,18,M:F
aul2,13,M:T:W:TH
kms194,15,M:T:W:TH
mkd26,10,M:T
yy228,19,M:W:TH
ihl3,15,F
yy225,18,M:T
ab676,16,M:TH:F
dls92,17,M:W:F
tmr28,10,M:T:W
aec58,12,TH
mrm38,10,W:TH
tin4,16,F
jeh82,17,T:TH
lck10,13,T:W:F
lb284,15,M:W
ml389,17,M:T:TH
nsw15,12,M
eor2,16,M:F
saf35,12,M:T
ls333,10,T:W:TH
aes102,11,T:TH:F
rep29,15,M:F
kpr21,16,M:T:W:F
teo4,16,W:TH:F
tm283,15,M:T:W:TH
mfp13,15,M:T:F
bie02w,19,M:T:W:TH
cw343,17,W:TH
slw97,14,M:T:TH
xz192,12,M:T:W
oeo5,18,T
mn201,19,M:T:W:F
tm248,15,W
kim05w,14,TH:F
dl188,12,M:T:W:F
hp101,14,M:T:W:TH:F
emm104,13,M:T:TH
mbl25,16,W:TH
zz164,15,M:W:TH:F
cms163,11,M:T:TH:F
yt58,10,M:T:TH
bj75,14,W:F
mfk17,10,M:T:W:TH:F
ldm40,15,F
av181,19,M
mjc87,18,M:T:W:TH
mlc82,17,M:T:W
solos02c,15,M:W:F
hk216,18,M
vtc3,13,M:W:TH:F
ssg24,11,T:TH:F
kc58,11,W:TH
ep145,15,T:TH
bcr16,19,T:W
yc285,13,M:W:TH
ecg30,15,M:W:TH:F
bc205,16,M:W:TH
dlm61,19,T:TH:F
ned13,11,T
nh79,10,T:TH:F
nm173,15,M:F
ec163,15,T:F
pm194,19,M:T:W:TH
pm195,11,W:TH
smj53,16,M:W:F
aj246,15,T
death02c,16,T:W
dsh35,15,M:T:F
hka6,19,M:W:TH:F
dar63,13,T:TH
sprui02c,16,M:T:F
jrm55,17,T
kab147,14,M:T:TH
yd88,11,W
mk369,19,T:W:TH:F
nsk22,12,W:TH:F
rr202,11,W:TH:F
mk360,12,M:W
kab148,19,TH:F
jcc66,15,T:W:F
neged02g,16,T:W:TH
seh55,15,T:TH
ahc15,19,W
price04w,13,M:W:F
sp348,18,M:W:F
willa04w,13,M:T:W
aw344,16,M:TH:F
rmm59,13,TH
ctu,13,T:W:F
cwc25,19,M:T:TH
mh471,18,M:W:TH:F
js692,19,W:TH:F
jph44,17,T:TH
ejh44,10,T:W
aag44,18,M:TH
znl5,16,M:W
lac88,14,TH
lc321,15,W:TH
dwr11,17,T:TH
jcr56,16,T:TH:F
afl13,17,M:TH
mrn16,19,TH:F
pjj11,12,M:T:W
cab159,17,TH
ja237,17,W
rk213,11,W:TH:F
lsh27,16,T:W:TH
vc66,13,T:TH
jbs82,15,TH:F
ts315,16,T:W
awg17,10,M:F
tsw9,13,M:T:TH
zem5,13,M:T:W:F
sjj8,13,W:F
shd9,11,M:TH:F
rmv10,12,M:W:F
akg35,12,M:T:TH:F
rs421,14,M:W:TH:F
acs89,12,F
jae50,16,TH
tz54,10,T:TH
jh600,14,W
ky66,12,M:W
lsc29,13,T:TH:F
weh14,13,T:W
ses137,10,M:T:W
yy193,13,W:TH:F
ul4,19,M:T:TH:F
cjd48,17,T:W
rd172,10,TH:F
non2,18,T:W:F
anj11,14,W:TH:F
rd174,16,T:W:TH:F
zp18,15,M:T:W
biu2,18,F
jss128,19,M:T:TH
lmd70,14,W:TH:F
sk590,19,M:W:TH:F
ccy7,17,TH
ktl15,10,T
akl41,10,T:TH:F
ai66,11,M:F
ec243,18,F
jad116,13,M:T:TH:F
aa500,17,W:TH:F
lz156,11,T:TH:F
aj271,10,M:T:W:TH
ck227,13,M:T:W:TH
scs51,13,W:TH:F
dsb33,16,T:F
sc363,11,M:T:TH
yk132,15,M:T:W
cls106,17,W:TH:F
dmh69,13,M:T
jl858,12,T:W:TH
lml56,18,T:W:TH:F
mal110,14,TH
jma100,10,TH:F
jm588,19,M:T:TH:F
caa52,13,M:T:W:F
rc268,14,M
yjo,10,T
Jan-51,13,T:W
kml86,15,M:W:TH:F
jlh65,19,M:T:W:TH:F
dak37,18,M:T:W:F
ses146,15,M:W:TH:F
thr7,18,M:T:F
jbz5,17,M:TH
cgn10,10,M:T
cdt30,16,M:T:TH
lgt10,18,M:W
sem79,18,M:T:W:F
tdl19,13,M
hk220,19,W:F
sic10,15,T:F
akw30,12,T:F
amp109,13,T:TH
mks70,12,TH:F
knr14,16,M:T:W:TH:F
ez24,19,W:TH:F
hh193,12,TH:F
yt139,18,M
sl373,12,T:W:TH:F
zdg2,12,W
xh82,11,M:TH
zc71,12,W:TH:F
ngs8,13,T:TH:F
msd37,15,M:T
jdd69,11,M:W:TH
nls20,14,T:W:TH:F
sms161,10,T:TH
rgt6,10,M:T:W:F
sat49,12,M:T:W:F
ajc91,14,M:T:F
mbt22,10,T:W
vtn3,15,M:T:F
atr24,18,M:F
kp205,10,T:W
chern03g,12,M:T:TH:F
lfc15,17,TH
yw238,19,M:T:W:TH:F
sy89,14,T
ob29,10,M:T:W
ac583,13,F
tww18,17,M:TH:F
yj102,13,M:W
amh89,18,T:W:TH
gvv2,16,M:W
jep66,12,F
tbs16,17,M:T:W
ig53,10,M:T
nts15,14,T:W:TH
alj41,19,M:TH:F
jea40,16,M:T:W
rd188,15,T:F
jkh39,18,M
jm614,15,M:TH
mp327,10,W:TH:F
klh89,17,M
jw598,11,M:W:TH:F
dsb48,10,M:W:TH:F
csm57,17,M:T:F
hg101,11,M:W
mjs122,18,M:TH
ekd12,13,F
ys202,13,TH:F
sabri02c,11,M:T:W:F
jfp13,18,T:TH:F
rev8,17,M:T:W:F
jln28,18,M:W
sm492,13,W:F
aaa75,15,T
cc499,18,W:TH:F
jjb69,15,M:T:TH
mag101,11,T:W:TH:F
sec79,15,M:T:W:TH:F
jbd39,19,M:T:W:TH:F
ss970,18,T:W:TH
jpl51,13,W:TH
kad77,18,W
rl223,10,W:TH:F
acn12,14,M:F
mx9,11,F
nl158,11,T:TH
cfs26,16,M:T
acm92,17,M:T:W
nuvio02w,16,M:T:W:TH
cdc69,10,TH
vec5,14,M:T:W:TH
Sep-49,10,M:TH:F
twp15,14,W:F
chr18,18,M:W:F
wkh11,14,M:TH
mah88,11,T:W
nab43,12,M:T:F
gma18,16,M:T:W:F
tmh65,13,TH:F
ahz2,17,W:TH:F
aam104,12,W
smp68,18,W:TH
klj34,12,W:TH
ml423,10,T:W:F
cpl30,13,T:W:TH:F
nri3,12,T:W:TH:F
hpt5,16,T:W:TH
jeg69,18,T:TH
tle17,12,W:TH:F
jml137,11,M:W
ia63,19,M:F
ql94,10,T:TH
gws12,18,T:W:F
srd55,12,M:F
cen17,11,T:W:TH
jjp54,13,M:W:TH:F
rdw36,15,T:TH:F
fwh5,13,W:TH:F
dba12,16,M:W
kfz,12,M:W
ja268,11,W:TH
mly14,17,TH:F
mkf26,18,W:TH
qhc,14,M:F
tmb68,15,T:W:TH:F
mah138,12,M:T:W:F
rs410,13,M:T:TH
dr171,18,M:T:TH:F
sdm79,18,T
tnn4,19,T:F
th237,18,F
mah136,12,M:TH
hj82,17,M:T
ef83,15,M:TH
lmc97,16,M:T:W
ecm54,19,M:T:W:TH:F
mnh18,16,M:W:TH:F
bap24,16,M:W:TH
ms724,18,M:T:W
clm113,13,M:W:TH:F
ina4,16,T
wkm6,10,W
yc346,13,W
plk6,15,W:TH
cf192,14,TH:F
tz69,12,M:W
ams191,16,W:TH:F
jas274,15,M:TH:F
nmj15,17,T:F
pnc8,12,T:H
kc293,16,W
gle4,15,M
js665,18,M:W
ec241,16,T:TH:F
js731,10,M:T:W:TH:F
yt138,13,M:T:W:F
ewp9,15,T:F
ple7,11,M:W:TH:F
wdg11,17,M:W:TH
yl410,15,M
aca22,16,M:W
ng133,16,W
ll291,17,M:TH
rg204,18,T:W:TH:F
hcb14,14,M:F
jw544,15,TH:F
myj8,19,M:W:TH
zc68,13,T:W:TH:F
ra138,15,W
hbn7,15,T:W:F
rad45,12,M:T
svs12,12,W
atm46,17,M:T
magui02w,13,M:T
eav13,10,M:W:TH:F
jao31,15,TH:F
yc229,15,W:TH:F
lcl23,10,M:T:F
nan14,18,TH:F
imr4,18,M:W:F
imr5,16,T
smt73,15,T:F
efs19,16,T:W:TH:F
sb502,10,T:W:TH:F
ks491,15,W:F
ogn3,10,T:TH:F
ttn10,12,T:TH:F
ln72,14,W:TH:F
na132,15,T:W
kz59,19,M:T:F
inh3,12,W:TH:F
mccle02g,13,M:W:TH:F
jcw88,12,M:W
mcr44,10,M
sas182,16,M:W:TH
re64,16,T:TH:F
ajh66,14,M:T:F
acf33,19,T:TH
rcy6,10,M:TH:F
nm175,13,M:W:F
ksb40,11,M:T:TH
df109,15,W
nm170,12,T:TH
bmd27,13,M
db254,13,M:T
jcb87,14,M
dhd4,13,T:H
janet02c,18,T:W:TH:F
zjm7,17,F
kj122,13,T:W:TH:F
njw22,11,M:W:TH:F
rbf9,18,M:T
kj127,19,T:TH:F
aln18,18,T:W:TH
yg124,18,T
mrn14,12,TH
sd357,15,W:TH:F
du11,11,M:TH:F
ou7,11,M:T:W:F
pm175,11,W
jakku02g,16,TH:F
wpb6,10,W:TH:F
ra144,15,T:W
mata02w,13,M:TH:F
gar18,13,T:TH:F
gsh15,10,W:TH
fep5,15,T
jbk41,14,M:W
cl344,16,M:W:F
nwm9,19,W:F
cl428,16,M:F
ht126,13,T:W:F
kam171,16,M:T:W:TH:F
fsm10,15,T:F
ch388,18,W:F
anb24,15,M:T:W:F
marti05g,14,T:W
ejw38,18,W:TH:F
rc178,14,T:TH
alo17,19,T:TH
ip47,16,M
tg157,17,M:W:F
ims13,12,M:T:F
sierr02g,16,W:TH:F
my130,10,M:T:W
js682,14,M:T:W
caj33,17,M:W:F
fh42,16,M:TH:F
kml72,12,M:F
kew57,15,M:T:W
smw81,19,M:T:W:TH:F
yb8,12,M:W
btp7,17,T:F
sw361,17,W:TH:F
leb70,14,M:T
mw375,13,M:TH
mtp25,15,M:T:F
cz136,15,T:F
km411,15,M:T:W
jql3,19,M:W:F
nbm11,18,M:T:W:F
rmb80,17,M:W:TH:F
iacob02g,15,T:W:TH
ach75,11,W
ad268,14,T:W:TH
bna10,19,W
brc32,16,M:F
dem49,13,M:T:W:F
mjf34,13,T:TH:F
mma50,13,W:TH:F
bs276,14,M:W:TH
adb76,16,M:TH:F
ap376,11,T:F
sak58,14,F
sb518,19,M:F
tmm84,17,T:TH
kks26,16,T:TH:F
mwr24,17,M:W:F
lha7,15,M:T:F
hs238,14,M:T:W:TH
xs59,14,W:TH:F
asl61,11,TH
mds88,14,M:W:TH:F
oc29,18,M:TH
sal58,18,T:H
iy16,14,M:F
fj17,17,T:TH
lsd17,14,T:W:F
chs29,17,TH:F
gg95,11,T:TH
nma22,19,T:W:TH
lc315,17,M
ghg2,14,M
may02c,16,M:TH
cjc80,17,F
sca21,12,T:W:TH
ah465,16,T:TH:F
ah463,16,M:T:W:F
rkd13,15,T:TH
sl562,11,M:T:W:F
lmh84,16,M:TH
rhw10,11,W:TH:F
dhp12,12,M:T:W
ta121,11,M:F
kyk7,16,M:T:W:TH
ahy7,11,M:T:TH
mlr64,16,M:T:TH:F
mja39,10,W
hk233,19,M:T:W:TH:F
mn183,15,M:T:F
dl202,16,M:T:TH
ll281,10,M:T:W:TH:F
hg105,14,M:TH:F
arnit02w,13,T:TH:F
jrg64,11,T
da150,16,W:TH:F
lm328,19,W:TH:F
arr45,13,TH
fjh2,19,M:TH
ns226,17,T:TH:F
yz384,10,T:TH:F
cf177,13,M:T:W:TH
hs228,10,M:TH:F
jr286,12,T:F
lbo,13,T:W:TH:F
robin06w,16,T:W:TH:F
aph40,11,M:T:W:TH:F
kss45,19,M
jt238,14,M
jjk56,14,M:T:W:F
wh132,11,M:T:W:TH:F
lbh27,16,F
swz2,13,M
kct17,11,M:F
jjj15,10,M:TH:F
msf38,18,W:TH:F
gs129,14,T:W:F
cmw79,13,M:T:TH:F
tz37,12,M:T:W:F
ijs5,18,W:TH
ss897,19,T:W:TH
cmc176,14,M
jrv21,12,M:T:W:TH:F
kelka02w,18,T
jmb178,16,T:F
id32,17,M:T:TH
ajs112,13,M:W:TH
kak72,14,M:T:TH:F
jab182,16,M:W
eja16,12,M:T:TH:F
ajl70,14,T:W:F
mhm39,19,T:W:F
led31,18,M:W:TH
elh21,11,W:TH:F
csa19,16,M:T:F
jdi8,13,W
at279,10,M:W
hz162,15,T:W
cgc32,17,W:F
zw143,19,M:T
llc31,15,M:T:W:TH:F
cc598,13,M:T:W:TH:F
cc594,18,M
cc597,10,M:T:W:F
vp101,12,TH:F
mg373,18,M:T:W:TH
ajt50,14,M:T:TH:F
kcb43,15,M:T:TH:F
rp205,13,F
tk169,12,W
eas90,18,W:TH
mtc36,16,M:W:F
cjd56,14,T:W
afs37,15,M:T:TH:F
tjy8,17,M:TH:F
cyx2,13,T
jer70,15,M:TH
rg241,16,T
eac60,18,T:W
gg74,11,M:W
odz2,10,T:F
zf33,19,M:T
dyckm02w,10,T:TH
rg248,12,W:TH
ajg76,14,M:T:W:F
pfb8,16,W:F
jl830,19,M:T:TH
mlg75,15,T:F
yr48,13,M:F
my117,15,W:TH
ww123,19,M:T:W:F
cmc38,18,TH
mwn7,11,TH:F
sh351,14,M:T:TH:F
jpg40,15,M:T
kaj46,11,F
esm52,15,T:W:F
kts34,18,W
am640,11,W:F
kmj37,13,T:TH:F
amv34,17,M:T:W
sdw33,17,M:F
haa16,17,F
jhg32,14,F
mrr55,19,W:TH
zdm5,13,F
mr245,17,T
ndd13,13,M
ecz2,17,M:T:W:TH:F
jjh40,17,M:W:TH:F
acu5,17,T:W:TH:F
chk11,19,M:T:TH:F
mo105,14,M:W:TH
jld67,15,M:W:TH
ehl18,13,T:TH
jev11,11,T:TH
mwm41,17,T:W:TH:F
hem21,16,M:T:TH
jdm96,16,M:T:TH
zt24,16,M:T:W
zt26,11,T:W
lb327,12,M:W:TH
ajb139,17,T:W
ee65,19,M:TH
da125,15,T:W:TH
vjf2,19,T:W
cjf32,12,T
stg18,14,M:T:TH:F
acw63,14,W
ayc17,16,M:TH:F
bla13,10,M:T:W:TH
bh149,10,T:TH:F
ww151,12,M
dck19,14,T:W
ruske02w,12,M:T:W:F
sa342,19,T:W:TH
sa343,10,TH
sa341,18,M:W:TH:F
jav11,12,W:TH:F
yh144,16,M:F
gw71,16,W
maria02w,11,M:W:F
wo26,19,T:TH
mlc102,18,M:T:W:TH
jcl59,11,M:T
jpm90,11,M:W:TH:F
jjy9,15,W
zx52,18,M:TH:F
nek12,12,M:T:TH:F
ljr18,10,W
atc31,15,M:F
jmb205,14,M:T:TH
cec42,12,T:W:F
mgc37,14,T:W:TH:F
skk32,14,W:F
nhc7,16,TH
hl350,14,M:W:TH
jf244,19,T:F
mz119,15,M:T:F
mgk10,16,M
dss59,16,T
girto02w,18,T:TH:F
sa362,10,M:T
bnw4,13,M:T:TH
jag81,12,M
cc608,19,T:TH:F
mdo15,13,W:TH:F
eap42,14,W:F
gs183,15,T
tlt38,15,M
moz2,16,F
jab180,18,W
ceh85,19,T:W
eam104,15,T
zek3,10,T
sk492,14,T:F
bmc31,18,W:TH:F
le54,11,M:TH
cag74,12,M:T:F
mny3,13,M:W:F
elr28,16,M:T:TH:F
llz4,16,W:TH
ajb112,13,M:W:TH
elm60,15,T:F
rd159,16,M:T:TH
irf,17,M:T:W:F
kcm34,14,M:T:F
wc151,17,M:W:TH:F
mm698,18,M:W:F
pyl7,11,M:F
xz127,18,T:W:TH
holme03w,10,W:F
wc121,10,TH:F
jrh71,17,M:TH:F
dmg45,11,T
aky5,18,M:W:TH:F
agg16,19,M:F
mam249,17,F
thm16,14,M:W:F
mcc72,18,M:F
xj18,17,T:W:TH
mjo21,11,M:T:W:TH:F
al378,17,W:TH
pc177,10,M:T:TH
wg64,16,M:T:W:TH
vny2,11,M:W:F
new22,16,W:F
sm695,12,M:T:W:TH:F
kwc14,18,T:TH
dac80,14,M:TH
jr314,15,M:W
ds415,19,M
eld36,17,TH:F
hd92,14,M:TH:F
qw68,17,T:W:TH:F
kep46,14,M:T
msm98,15,T:W
trois03c,17,T:W:TH:F
grs23,17,W:TH
ces105,17,F
jc681,18,W:TH
mpw20,16,M:W
bhask02g,11,M:T:TH
shh20,18,T:W
sek25,14,W:TH
arl26,17,M:T:TH
amp95,13,T:W:F
hz99,14,W:TH:F
jjf33,16,T
aep41,14,T:W
sk601,12,T:W:TH
avd13,17,M:W:TH:F
sdj16,15,M:W:F
hkj4,14,M:T
at309,14,T:W:TH:F
tk128,10,T:W:TH
db309,11,M:T:W:TH:F
bb258,14,M:W
lsp23,16,M:F
jz255,19,M:T:W:TH
mh365,11,T
sy182,15,M:T:TH:F
clh98,12,T:F
mt312,13,M:W:TH
cwh31,10,M:T:W:F
nsp20,10,M:T:F
daa28,15,T
zvp2,15,M:T:W:F
kj133,15,M:TH:F
ag479,19,M:T:W:F
rca28,19,M:T:TH:F
ejl45,10,T:TH:F
mp372,16,W:TH
jrp78,16,T:W:F
twh11,15,W:TH
pdp11,17,T:F
kl300,16,T:W:TH:F
hj75,18,W
cs370,16,W:F
jhn13,19,M:W:TH
cl453,12,T:F
bjc49,11,T:F
clt46,19,M
ek124,19,M:T
jko13,11,M:F
mjw72,13,W
bmb47,10,M:W:TH
jk374,17,W:TH:F
brt12,17,W
srr30,15,M:W
sc606,15,M:TH
bwg6,15,M:T:W:TH:F
cw318,14,M:T
brh16,11,T:TH:F
gzf2,14,T:W:TH:F
drt25,13,T:W:F
nrs27,18,T
yj125,13,M:W:TH
jjx2,12,T:F
bsb42,12,T:F
clb18,14,TH
mw400,10,M:T:W:F
jgs43,11,M:W
rws26,16,M:T:W
bb229,16,F
dr204,13,W:TH:F
gl108,12,F
cpb30,10,M:T:TH:F
kb310,10,M:T:W
hmm43,13,M:W
ac530,12,M:T:F
arb110,16,T:W:TH
el116,13,TH:F
sh394,17,M:T:TH
bya,14,M:T:TH:F
dtn10,15,M:TH:F
mcd62,10,T:W:F
sw318,12,T:W
jdl61,15,M:F
tjg34,17,M:F
tjf32,12,TH:F
mmv14,10,M:T:F
gpf2,16,M:T:W:TH
anp37,14,T:W:F
fed5,12,M:T:W
tn74,17,M:W
sat43,19,T
drk21,16,M:T
ldf14,10,W:TH:F
sz130,19,T:F
tp157,15,M:T:W
bjp24,18,T:F
mx32,15,TH
qj6,19,M:TH:F
jms255,12,M:W:TH
ts279,13,M:W:TH
sks47,10,M:W:F
csc62,18,T:W
ejc40,13,M:T:W:TH
csc60,16,W:TH
jm616,19,M:W:F
ams243,13,M:W
xy48,12,T:W
srb75,13,T:W
kc267,14,T
ajd43,19,M:W:TH:F
bew31,13,M:T:TH
sn189,10,T:W
rbh13,10,T:W
ar493,14,M:T:F
js546,14,M:T:TH:F
mcw69,13,T:W:TH:F
kk154,11,T:W
bda13,15,M:T:W:F
al344,11,M:TH
ecm50,11,M:T:F
cmf41,18,M:T:F
amk106,17,M:T:W
fnh3,12,T:W:TH:F
ecc33,14,M:T
ak444,18,M:T:TH:F
sgr20,15,M:W:F
sk436,18,M:W
ekl18,17,M:W:F
xw130,11,M:T:F
wmg13,14,W:F
cem97,15,M:T:W
yz398,11,M:TH
rcs37,18,T:W:TH
lmp45,18,M:TH
mth38,18,M:T:W:TH:F
dlk29,16,T:W:TH:F
bello03w,15,M:F
jcg82,13,T:W:F
ecb5,10,W:TH
mbo10,15,T:W
dmb83,15,T:W:F
rmc50,16,M:T:TH
lmm70,14,T:W:TH:F
yl357,10,T:F
arm108,15,T:W
yhd,11,M:T:TH:F
eat15,15,T
vya,17,M:W:TH:F
as830,19,M:T
cm469,18,W:TH
bkb27,15,T:W
ck215,10,M:W:TH
harri03c,18,F
weis02c,10,TH
wlc11,19,M:T:F
mem133,16,TH
zw146,18,M:W:TH
bab102,10,M:T
zm25,10,W:F
cao19,17,M:TH
byz5,15,F
arj37,12,M:T:TH:F
mfw15,11,M:T:TH:F
rn89,11,M:W:F
ajl62,11,T
tx23,18,M:T:W:F
enzin02g,11,T:W:TH:F
wep15,14,M:W:TH
vlg7,10,M:T:W
ecd18,17,M:W:F
kmc126,12,T:TH:F
zj45,15,TH:F
jt225,11,M:T:W:TH
fat8,18,W
jp322,10,M:W
lch34,19,T:W:TH
twr18,18,T
ls325,13,W
cd261,19,M:F
yl350,16,M:T:W:TH:F
ls321,16,W
Dec-44,18,M:TH
at304,12,W:TH
cch61,16,M:T:W:F
av141,15,M:TH
zf42,17,M
mse18,16,M:F
knc23,17,M:T:F
cck12,11,M:T:W:F
amg33,16,M:T:W:F
ker40,12,M
tl126,10,T
bwl9,15,F
cms156,18,W:TH:F
fyf,17,F
erl9,18,M:T:TH:F
baf24,16,W:F
anr40,13,W:TH
jhm32,16,M:T:W:TH
apk21,10,T:W:F
ylc5,11,M:W:TH
yg142,10,M:T:TH
og34,10,W
jmh171,12,T:TH:F
rkb15,19,T:W:F
mm682,16,M:TH
jwb74,19,M:TH:F
ms801,12,T:TH
nat9,11,M
esr24,15,M:T:TH:F
dnb16,19,T:TH
ag423,19,M:F
sy185,19,TH:F
do57,17,M:TH
gjc24,18,W:TH
adk35,14,W:TH
dq8,11,M:W
kt191,18,M
hmm42,15,TH
zarak02g,17,TH
sh442,19,T:W:TH
rhd11,13,M:W
blh41,18,M:T:W:F
bcr20,11,M:T
ir55,18,M
mj187,18,TH:F
kbe5,12,W:TH:F
go19,12,TH:F
kf139,13,T:W:TH:F
klw63,10,T:W
jk343,15,M
bsw23,10,M:T:W:F
gj46,16,TH:F
ncr24,13,M
xl266,18,T:W:TH:F
bp136,11,W
abg35,12,M:W
gct7,11,M
esn8,11,M:W
aep39,11,M:T:TH:F
kb383,19,T:TH:F
sjk45,16,W:F
mvj6,11,T:W:TH:F
arw63,18,M:T:F
jsc86,13,M:T:TH
hb122,12,M:W:F
amb202,17,M:F
nas55,14,M
jgw24,14,T:F
aio2,17,M:T
mille05c,15,T:F
hl185,11,TH
sr268,16,T:W:TH
eag44,19,M:T:TH
apm36,18,M:T:W:F
ifg3,12,M:T
bz59,11,W
sjm57,17,W:TH
cho8,15,M:TH
ob4,18,F
aw235,12,M:W:F
zz105,19,T:W:TH:F
avn7,15,M:W:F
thn11,10,M:T:W:TH
kvw9,15,M:TH:F
aww28,16,M:T:W
glj16,16,M:W
cco11,12,M:W:F
kem88,18,M:F
fw48,14,T:W:F
rmw49,15,T:F
mde15,14,T:W:TH:F
msb58,11,M:TH:F
na158,15,M:F
dr199,11,M:TH
vbn4,14,T:W:TH:F
cem103,12,M:W:TH
vs165,10,M:W:TH
nsj12,12,M:T:TH
cyk6,13,M:T:W:F
nd98,11,T:W
on23,16,F
aja26,11,W:TH
as712,16,F
sld69,15,M:T:W
jhh30,14,M
jsm84,14,T:TH:F
zl123,10,T:TH:F
ss994,16,M:TH:F
rcd13,13,T:W:TH
esr23,15,T:H
mg83,15,M:W:F
vsv6,13,T:W:TH:F
jag88,12,W:TH:F
mcv21,11,T:W:F
cam160,13,T:TH
mrh77,12,W:TH
cgw12,17,M:W:TH:F
rmr43,11,M:W:F
mrb99,19,M:F
wq13,17,T:TH:F
tm225,13,F
ajr74,12,M:T
tfc8,12,M:W:F
afg16,14,F
sk605,11,T:TH:F
tk137,15,W:TH
yw251,10,M:T
el185,16,W
jgs52,19,M:T
hs207,17,M
jkp24,12,W:TH:F
ab710,11,T:F
rdh30,15,M:W:TH:F
rm259,15,M:W:TH:F
blc28,19,M:T:TH:F
dsh47,19,M:T:W
yx145,10,M:T:W:F
ks378,13,TH
mem100,12,W:TH:F
erm41,19,M:T:F
yw315,17,M:W
jrl62,18,T:TH:F
mj206,12,T:W:TH
gmh23,13,M:T:W
hz147,19,T:F
cva5,11,M:W:TH:F
jro13,11,M
akk33,17,M:T:W:TH:F
mb491,16,M:F
hhc7,11,T
sz174,10,M
gec24,18,M
cnk16,17,M:T:F
acz9,16,T:TH:F
mb429,17,M
clh85,14,M:T:F
sl497,14,T:F
tms55,18,M
sd271,13,M:W:F
cmf59,10,T:TH
ccs63,17,W:TH:F
kem54,17,M:W:F
pjl28,15,TH
kam169,13,M:W
nwk4,16,M:T:W:TH
klb88,11,T:W:TH:F
dnc19,15,W:TH:F
jsc73,16,M
aj280,19,W:TH
jmn52,13,T:W:TH:F
jmh134,10,M:W:F
sah54,18,TH:F
yl570,14,T:F
pt77,10,M:T:W:F
jz271,15,M:TH
ciw,18,M:T:W
js804,14,M
jmd117,15,W:TH:F
cl443,12,M:T:W:F
cpe4,18,T:TH
brl19,11,T:W:TH:F
djb71,11,T:TH
zw124,14,M:W
xp19,13,F
sap32,16,M:T:W
nnc10,11,TH
jrr57,12,M:T:W:F
nms52,19,M:W:F
jk307,19,W:TH
bph22,15,TH:F
lhm15,10,M:TH:F
nny,12,M:W:TH
bfe3,14,M:W:TH:F
src35,18,M:F
jq31,11,W:TH:F
sz101,17,M:W:TH:F
nyc5,17,T:F
forne03w,10,W
tte2,15,M:W:F
ret28,16,M:T
jml158,14,M:W
djg48,15,M:T:W
zel4,17,M:W:F
hls35,19,T:W:TH:F
pja23,13,M:W:TH:F
ty48,19,M:T:W:TH:F
tx20,18,W:TH
kl206,10,M
wjr12,11,T:W
jg405,18,W:TH:F
ers55,19,M:T:F
mc605,14,TH
dam90,15,W
kek34,17,T:W:TH:F
ehc19,12,M:W
sb530,15,M:W:TH:F
mkr16,10,T:W:TH
ys198,12,M:TH:F
cmn37,16,TH
subra09w,10,M:F
rss63,18,M:T:TH
bds39,12,M:W:TH:F
sbm41,19,W:TH:F
tw134,19,W:F
cy106,14,TH:F
ts343,10,M:T:TH:F
yz404,12,M:T
am599,14,T:TH:F
frase02w,11,M:TH
yn48,12,M:T:W:F
za23,12,T:TH
cmo22,13,T:TH:F
js791,17,M:TH:F
oao7,12,M:F
papan02w,18,M:F
amh131,16,M:T:TH
yz497,13,M:W:TH
jtk18,10,T:W:TH
tb258,10,T
mph18,10,M:T
nc158,12,M:T:F
sh487,13,TH:F